date,open,close,high,low,volume,symbol
20180525,0.985,0.982,0.99,0.98,2857346,512280.SH
20180528,0.983,0.988,0.993,0.98,792356,512280.SH
20180529,0.988,0.981,0.991,0.981,255811,512280.SH
20180530,0.97,0.962,0.974,0.962,688927,512280.SH
20180531,0.963,0.982,0.984,0.963,462947,512280.SH
20180601,0.979,0.974,0.984,0.97,773918,512280.SH
20180604,0.976,0.985,0.986,0.976,279904,512280.SH
20180605,0.985,0.993,0.994,0.983,768531,512280.SH
20180606,0.993,0.991,0.994,0.988,416858,512280.SH
20180607,0.994,0.991,0.999,0.99,298543,512280.SH
20180608,0.99,0.977,0.99,0.973,229248,512280.SH
20180611,0.973,0.979,0.982,0.972,423352,512280.SH
20180612,0.978,0.99,0.992,0.975,322563,512280.SH
20180613,0.985,0.983,0.989,0.982,205540,512280.SH
20180614,0.981,0.98,0.989,0.976,234061,512280.SH
20180615,0.979,0.977,0.984,0.974,188554,512280.SH
20180619,0.972,0.946,0.972,0.935,356595,512280.SH
20180620,0.938,0.952,0.956,0.938,219287,512280.SH
20180621,0.952,0.942,0.963,0.941,251328,512280.SH
20180622,0.942,0.946,0.949,0.933,283569,512280.SH
20180625,0.95,0.936,0.953,0.935,192377,512280.SH
20180626,0.934,0.925,0.934,0.914,369469,512280.SH
20180627,0.926,0.905,0.929,0.902,273306,512280.SH
20180628,0.9,0.896,0.911,0.896,290098,512280.SH
20180629,0.898,0.92,0.922,0.898,399936,512280.SH
20180702,0.918,0.896,0.922,0.891,535964,512280.SH
20180703,0.896,0.891,0.898,0.871,405864,512280.SH
20180704,0.889,0.884,0.896,0.882,317963,512280.SH
20180705,0.884,0.877,0.892,0.876,383516,512280.SH
20180706,0.876,0.883,0.892,0.865,468477,512280.SH
20180709,0.884,0.911,0.912,0.884,388646,512280.SH
20180710,0.91,0.912,0.913,0.903,290522,512280.SH
20180711,0.89,0.897,0.902,0.888,449987,512280.SH
20180712,0.896,0.918,0.922,0.896,201267,512280.SH
20180713,0.918,0.92,0.921,0.915,147098,512280.SH
20180716,0.919,0.914,0.925,0.912,269342,512280.SH
20180717,0.913,0.908,0.915,0.9,338154,512280.SH
20180718,0.908,0.906,0.917,0.905,572162,512280.SH
20180719,0.907,0.903,0.913,0.902,764163,512280.SH
20180720,0.902,0.923,0.927,0.898,806164,512280.SH
20180723,0.919,0.929,0.932,0.916,498549,512280.SH
20180724,0.93,0.943,0.948,0.93,698362,512280.SH
20180725,0.944,0.945,0.946,0.94,485384,512280.SH
20180726,0.944,0.934,0.947,0.931,402021,512280.SH
20180727,0.932,0.932,0.936,0.928,327241,512280.SH
20180730,0.93,0.929,0.939,0.924,428656,512280.SH
20180731,0.929,0.932,0.935,0.926,346837,512280.SH
20180801,0.933,0.913,0.939,0.913,413867,512280.SH
20180802,0.911,0.895,0.911,0.881,354389,512280.SH
20180803,0.893,0.881,0.895,0.881,217882,512280.SH
20180806,0.881,0.871,0.887,0.865,373123,512280.SH
20180807,0.872,0.894,0.894,0.868,495055,512280.SH
20180808,0.892,0.881,0.893,0.879,419428,512280.SH
20180809,0.88,0.901,0.904,0.878,500320,512280.SH
20180810,0.901,0.903,0.907,0.897,219532,512280.SH
20180813,0.896,0.896,0.9,0.883,477070,512280.SH
20180814,0.896,0.894,0.898,0.888,405283,512280.SH
20180815,0.894,0.874,0.894,0.872,337536,512280.SH
20180816,0.867,0.869,0.881,0.857,513167,512280.SH
20180817,0.872,0.858,0.875,0.855,332657,512280.SH
20180820,0.854,0.866,0.866,0.853,278987,512280.SH
20180821,0.866,0.88,0.885,0.866,288440,512280.SH
20180822,0.881,0.878,0.881,0.874,210121,512280.SH
20180823,0.876,0.878,0.884,0.87,356439,512280.SH
20180824,0.876,0.881,0.888,0.871,195673,512280.SH
20180827,0.88,0.901,0.902,0.88,222126,512280.SH
20180828,0.899,0.899,0.903,0.896,53571,512280.SH
20180829,0.897,0.895,0.898,0.892,171375,512280.SH
20180830,0.894,0.887,0.899,0.886,127181,512280.SH
20180831,0.885,0.882,0.891,0.879,119963,512280.SH
20180903,0.88,0.881,0.882,0.873,115107,512280.SH
20180904,0.88,0.891,0.894,0.878,100680,512280.SH
20180905,0.889,0.874,0.889,0.874,196911,512280.SH
20180906,0.875,0.865,0.879,0.864,146088,512280.SH
20180907,0.868,0.87,0.88,0.864,247834,512280.SH
20180910,0.87,0.86,0.871,0.859,101122,512280.SH
20180911,0.86,0.858,0.863,0.855,101656,512280.SH
20180912,0.858,0.851,0.859,0.851,147161,512280.SH
20180913,0.852,0.862,0.863,0.85,181723,512280.SH
20180914,0.86,0.862,0.864,0.857,174933,512280.SH
20180917,0.86,0.854,0.86,0.852,226377,512280.SH
20180918,0.852,0.87,0.871,0.852,200196,512280.SH
20180919,0.869,0.881,0.886,0.868,191996,512280.SH
20180920,0.882,0.882,0.886,0.878,200976,512280.SH
20180921,0.883,0.909,0.909,0.88,372217,512280.SH
20180925,0.9,0.898,0.903,0.896,203098,512280.SH
20180926,0.899,0.909,0.918,0.899,388333,512280.SH
20180927,0.909,0.906,0.912,0.905,252635,512280.SH
20180928,0.917,0.916,0.918,0.907,144322,512280.SH
20181008,0.914,0.875,0.914,0.875,212428,512280.SH
20181009,0.875,0.876,0.882,0.873,283509,512280.SH
20181010,0.879,0.875,0.884,0.869,270213,512280.SH
20181011,0.862,0.836,0.863,0.827,551595,512280.SH
20181012,0.837,0.85,0.852,0.829,302267,512280.SH
20181015,0.85,0.834,0.85,0.834,316614,512280.SH
20181016,0.839,0.83,0.847,0.827,416551,512280.SH
20181017,0.84,0.835,0.843,0.82,412351,512280.SH
20181018,0.833,0.817,0.833,0.816,522271,512280.SH
20181019,0.813,0.838,0.84,0.807,552471,512280.SH
20181022,0.847,0.876,0.881,0.843,647546,512280.SH
20181023,0.896,0.848,0.896,0.844,404796,512280.SH
20181024,0.849,0.85,0.865,0.844,602860,512280.SH
20181025,0.805,0.853,0.855,0.805,801318,512280.SH
20181026,0.853,0.846,0.859,0.841,474583,512280.SH
20181029,0.837,0.824,0.848,0.818,487454,512280.SH
20181030,0.824,0.832,0.839,0.816,577110,512280.SH
20181031,0.833,0.841,0.845,0.829,361658,512280.SH
20181101,0.841,0.848,0.858,0.841,601131,512280.SH
20181102,0.867,0.878,0.878,0.858,734456,512280.SH
20181105,0.868,0.867,0.871,0.858,683057,512280.SH
20181106,0.863,0.862,0.865,0.856,550042,512280.SH
20181107,0.862,0.856,0.871,0.856,704997,512280.SH
20181108,0.86,0.857,0.867,0.855,541945,512280.SH
20181109,0.855,0.843,0.855,0.843,553214,512280.SH
20181112,0.844,0.853,0.853,0.84,588787,512280.SH
20181113,0.846,0.86,0.866,0.842,806410,512280.SH
20181114,0.858,0.852,0.86,0.85,677942,512280.SH
20181115,0.852,0.86,0.861,0.852,840169,512280.SH
20181116,0.86,0.863,0.871,0.856,915518,512280.SH
20181119,0.86,0.873,0.874,0.86,820402,512280.SH
20181120,0.867,0.857,0.87,0.854,735309,512280.SH
20181121,0.852,0.857,0.859,0.849,769139,512280.SH
20181122,0.856,0.856,0.859,0.85,764178,512280.SH
20181123,0.854,0.84,0.854,0.836,565986,512280.SH
20181126,0.839,0.836,0.844,0.834,763428,512280.SH
20181127,0.838,0.835,0.841,0.831,821151,512280.SH
20181128,0.834,0.846,0.846,0.832,763248,512280.SH
20181129,0.848,0.838,0.852,0.837,914267,512280.SH
20181130,0.838,0.847,0.848,0.836,799835,512280.SH
20181203,0.869,0.868,0.873,0.861,872622,512280.SH
20181204,0.864,0.87,0.871,0.864,720894,512280.SH
20181205,0.862,0.866,0.871,0.861,887590,512280.SH
20181206,0.864,0.85,0.864,0.849,868758,512280.SH
20181207,0.851,0.848,0.853,0.847,557433,512280.SH
20181210,0.841,0.841,0.846,0.839,831662,512280.SH
20181211,0.843,0.846,0.846,0.841,841105,512280.SH
20181212,0.847,0.848,0.852,0.847,741945,512280.SH
20181213,0.848,0.862,0.866,0.848,766755,512280.SH
20181214,0.863,0.85,0.863,0.849,1019075,512280.SH
20181217,0.843,0.849,0.851,0.843,948679,512280.SH
20181218,0.847,0.841,0.85,0.836,1206421,512280.SH
20181219,0.841,0.832,0.842,0.831,1362567,512280.SH
20181220,0.832,0.825,0.834,0.819,1063762,512280.SH
20181221,0.824,0.814,0.826,0.81,2178212,512280.SH
20181224,0.814,0.816,0.818,0.809,2075886,512280.SH
20181225,0.811,0.81,0.814,0.798,2308697,512280.SH
20181226,0.81,0.808,0.815,0.806,2459826,512280.SH
20181227,0.817,0.808,0.821,0.805,2448024,512280.SH
20181228,0.808,0.81,0.815,0.805,2366522,512280.SH
20190102,0.812,0.801,0.815,0.798,1926585,512280.SH
20190103,0.801,0.8,0.811,0.797,2118625,512280.SH
20190104,0.798,0.82,0.82,0.794,2521904,512280.SH
20190107,0.823,0.823,0.825,0.819,2156736,512280.SH
20190108,0.822,0.821,0.823,0.82,1875171,512280.SH
20190109,0.821,0.829,0.84,0.821,1817442,512280.SH
20190110,0.827,0.827,0.833,0.824,1982503,512280.SH
20190111,0.827,0.833,0.835,0.827,1975265,512280.SH
20190114,0.831,0.826,0.835,0.826,1944363,512280.SH
20190115,0.826,0.841,0.843,0.826,1955058,512280.SH
20190116,0.84,0.843,0.844,0.84,1935876,512280.SH
20190117,0.843,0.839,0.848,0.838,2093706,512280.SH
20190118,0.838,0.853,0.856,0.838,2234427,512280.SH
20190121,0.852,0.858,0.862,0.852,1725714,512280.SH
20190122,0.856,0.846,0.857,0.845,1887443,512280.SH
20190123,0.843,0.845,0.852,0.843,1949799,512280.SH
20190124,0.846,0.851,0.854,0.842,2226313,512280.SH
20190125,0.852,0.858,0.864,0.852,2079354,512280.SH
20190128,0.861,0.858,0.871,0.856,2221873,512280.SH
20190129,0.857,0.862,0.863,0.85,2161942,512280.SH
20190130,0.859,0.857,0.864,0.857,2108944,512280.SH
20190131,0.86,0.865,0.868,0.858,1689738,512280.SH
20190201,0.866,0.877,0.878,0.866,1959380,512280.SH
20190211,0.876,0.891,0.891,0.874,1956894,512280.SH
20190212,0.891,0.896,0.897,0.888,1875849,512280.SH
20190213,0.897,0.913,0.917,0.895,1894894,512280.SH
20190214,0.912,0.913,0.918,0.908,1934881,512280.SH
20190215,0.909,0.897,0.911,0.897,1984903,512280.SH
20190218,0.902,0.923,0.924,0.902,1939100,512280.SH
20190219,0.923,0.921,0.931,0.916,2039337,512280.SH
20190220,0.921,0.925,0.927,0.918,1767619,512280.SH
20190221,0.923,0.922,0.936,0.919,1863805,512280.SH
20190222,0.921,0.942,0.942,0.915,1749850,512280.SH
20190225,0.952,0.997,1.001,0.95,2301513,512280.SH
20190226,0.997,0.982,1.0,0.981,2033687,512280.SH
20190227,0.978,0.979,0.994,0.971,2242539,512280.SH
20190228,0.979,0.977,0.984,0.973,2015722,512280.SH
20190301,0.99,0.999,1.0,0.976,2140670,512280.SH
20190304,1.001,1.007,1.031,1.001,2051894,512280.SH
20190305,1.001,1.012,1.013,1.001,1964802,512280.SH
20190306,1.011,1.021,1.023,1.005,2411558,512280.SH
20190307,1.021,1.01,1.021,1.001,2067339,512280.SH
20190308,0.999,0.971,1.0,0.969,2000719,512280.SH
20190311,0.97,0.986,0.99,0.97,1672115,512280.SH
20190312,0.991,0.995,1.008,0.987,2098863,512280.SH
20190313,1.0,0.988,1.0,0.982,2019788,512280.SH
20190314,0.988,0.981,0.993,0.977,1754018,512280.SH
20190315,0.982,0.994,1.002,0.982,1888739,512280.SH
20190318,0.995,1.022,1.023,0.991,1829202,512280.SH
20190319,1.021,1.015,1.024,1.011,1515985,512280.SH
20190320,1.013,1.015,1.021,1.005,1836397,512280.SH
20190321,1.015,1.015,1.024,1.013,1471804,512280.SH
20190322,1.015,1.017,1.018,1.002,1528423,512280.SH
20190325,1.008,0.993,1.008,0.991,1442304,512280.SH
20190326,0.997,0.982,1.0,0.979,1176610,512280.SH
20190327,0.988,0.99,0.994,0.984,1709319,512280.SH
20190328,0.988,0.989,0.995,0.984,1528227,512280.SH
20190329,0.99,1.026,1.028,0.99,1232203,512280.SH
20190401,1.029,1.053,1.053,1.029,1747626,512280.SH
20190402,1.053,1.051,1.059,1.048,1656020,512280.SH
20190403,1.047,1.063,1.067,1.044,1576614,512280.SH
20190404,1.063,1.075,1.08,1.063,1781250,512280.SH
20190408,1.08,1.072,1.09,1.062,1217860,512280.SH
20190409,1.072,1.077,1.081,1.068,982053,512280.SH
20190410,1.072,1.079,1.088,1.067,1389174,512280.SH
20190411,1.079,1.061,1.084,1.058,1282383,512280.SH
20190412,1.061,1.06,1.062,1.052,1111451,512280.SH
20190415,1.09,1.054,1.09,1.052,976329,512280.SH
20190416,1.054,1.083,1.083,1.047,1372408,512280.SH
20190417,1.083,1.081,1.088,1.075,1301512,512280.SH
20190418,1.081,1.078,1.085,1.075,1029897,512280.SH
20190419,1.078,1.09,1.09,1.07,1184224,512280.SH
20190422,1.09,1.066,1.091,1.063,1037173,512280.SH
20190423,1.062,1.064,1.075,1.061,873568,512280.SH
20190424,1.068,1.066,1.07,1.05,873401,512280.SH
20190425,1.062,1.046,1.065,1.044,1107404,512280.SH
20190426,1.046,1.031,1.047,1.029,1326154,512280.SH
20190429,1.031,1.035,1.048,1.03,1624078,512280.SH
20190430,1.035,1.04,1.041,1.033,1372877,512280.SH
20190506,1.015,0.981,1.022,0.971,918638,512280.SH
20190507,0.984,0.988,0.995,0.978,896380,512280.SH
20190508,0.977,0.976,0.992,0.971,1419891,512280.SH
20190509,0.976,0.96,0.976,0.952,1376201,512280.SH
20190510,0.967,0.991,0.994,0.955,1577679,512280.SH
20190513,0.986,0.978,0.986,0.971,1159052,512280.SH
20190514,0.969,0.969,0.98,0.966,1026983,512280.SH
20190515,0.976,0.991,0.997,0.976,1124400,512280.SH
20190516,0.988,0.995,0.997,0.986,1023396,512280.SH
20190517,0.995,0.972,0.996,0.97,1040934,512280.SH
20190520,0.97,0.966,0.976,0.955,1236387,512280.SH
20190521,0.966,0.976,0.984,0.964,979704,512280.SH
20190522,0.975,0.973,0.978,0.966,1033143,512280.SH
20190523,0.97,0.956,0.97,0.955,1047682,512280.SH
20190524,0.96,0.96,0.967,0.955,992695,512280.SH
20190527,0.962,0.972,0.974,0.95,1113616,512280.SH
20190528,0.972,0.974,0.983,0.968,1135753,512280.SH
20190529,0.975,0.979,0.986,0.971,1168602,512280.SH
20190530,0.976,0.976,0.977,0.966,1076803,512280.SH
20190531,0.975,0.974,0.982,0.97,999186,512280.SH
20190603,0.977,0.973,0.984,0.967,1117828,512280.SH
20190604,0.973,0.964,0.974,0.96,986733,512280.SH
20190605,0.968,0.963,0.973,0.962,896506,512280.SH
20190606,0.963,0.954,0.964,0.953,1077697,512280.SH
20190610,0.96,0.965,0.971,0.956,974405,512280.SH
20190611,0.965,0.994,0.998,0.965,1093079,512280.SH
20190612,0.993,0.989,0.993,0.985,950713,512280.SH
20190613,0.989,0.987,0.992,0.979,831902,512280.SH
20190614,0.987,0.981,0.993,0.979,712183,512280.SH
20190617,0.981,0.981,0.99,0.979,796493,512280.SH
20190618,0.981,0.984,0.986,0.976,969045,512280.SH
20190619,1.005,0.998,1.014,0.996,875199,512280.SH
20190620,0.999,1.026,1.033,0.999,1121689,512280.SH
20190621,1.032,1.028,1.034,1.023,853375,512280.SH
20190624,1.03,1.029,1.032,1.023,943565,512280.SH
20190625,1.03,1.018,1.03,1.006,851154,512280.SH
20190626,1.015,1.018,1.022,1.012,739549,512280.SH
20190627,1.018,1.031,1.037,1.018,892404,512280.SH
20190628,1.031,1.03,1.031,1.022,680430,512280.SH
20190701,1.05,1.057,1.058,1.044,833465,512280.SH
20190702,1.057,1.056,1.058,1.048,737790,512280.SH
20190703,1.055,1.048,1.055,1.044,747640,512280.SH
20190704,1.045,1.041,1.05,1.036,769632,512280.SH
20190705,1.04,1.046,1.048,1.037,651105,512280.SH
20190708,1.042,1.023,1.042,1.014,928297,512280.SH
20190709,1.023,1.02,1.026,1.017,774259,512280.SH
20190710,1.02,1.021,1.026,1.018,809933,512280.SH
20190711,1.026,1.02,1.034,1.017,715603,512280.SH
20190712,1.02,1.029,1.033,1.019,761608,512280.SH
20190715,1.023,1.033,1.04,1.013,757193,512280.SH
20190716,1.032,1.03,1.034,1.027,708004,512280.SH
20190717,1.023,1.028,1.033,1.023,728702,512280.SH
20190718,1.023,1.021,1.026,1.021,784040,512280.SH
20190719,1.026,1.032,1.038,1.025,955092,512280.SH
20190722,1.033,1.027,1.033,1.02,921101,512280.SH
20190723,1.023,1.027,1.029,1.023,699998,512280.SH
20190724,1.032,1.033,1.041,1.031,714517,512280.SH
20190725,1.035,1.043,1.043,1.032,729902,512280.SH
20190726,1.039,1.044,1.046,1.039,498970,512280.SH
20190729,1.041,1.043,1.044,1.04,731866,512280.SH
20190730,1.043,1.048,1.054,1.043,745132,512280.SH
20190731,1.047,1.04,1.047,1.037,620976,512280.SH
20190801,1.038,1.032,1.038,1.028,826050,512280.SH
20190802,1.021,1.016,1.022,1.009,739128,512280.SH
20190805,1.011,0.995,1.013,0.995,745821,512280.SH
20190806,0.986,0.989,0.992,0.973,780198,512280.SH
20190807,0.991,0.988,0.993,0.986,718244,512280.SH
20190808,0.988,1.0,1.001,0.988,447438,512280.SH
20190809,1.004,0.99,1.004,0.989,532267,512280.SH
20190812,0.995,1.009,1.009,0.993,511363,512280.SH
20190813,1.007,1.0,1.007,0.997,567658,512280.SH
20190814,1.008,1.006,1.014,1.005,586877,512280.SH
20190815,0.997,1.01,1.01,0.991,674795,512280.SH
20190816,1.003,1.014,1.021,1.003,765600,512280.SH
20190819,1.02,1.035,1.036,1.016,730987,512280.SH
20190820,1.035,1.032,1.037,1.031,590863,512280.SH
20190821,1.031,1.032,1.034,1.031,571974,512280.SH
20190822,1.034,1.035,1.035,1.029,634155,512280.SH
20190823,1.036,1.041,1.045,1.033,707843,512280.SH
20190826,1.035,1.028,1.035,1.024,514198,512280.SH
20190827,1.029,1.042,1.05,1.029,799222,512280.SH
20190828,1.041,1.037,1.043,1.034,654387,512280.SH
20190829,1.037,1.033,1.038,1.028,873706,512280.SH
20190830,1.041,1.037,1.046,1.032,678243,512280.SH
20190902,1.037,1.051,1.052,1.036,737970,512280.SH
20190903,1.048,1.048,1.048,1.043,542669,512280.SH
20190904,1.047,1.058,1.058,1.047,544943,512280.SH
20190905,1.059,1.067,1.081,1.059,640155,512280.SH
20190906,1.067,1.074,1.075,1.066,429054,512280.SH
20190909,1.074,1.078,1.083,1.074,419903,512280.SH
20190910,1.075,1.076,1.08,1.07,413982,512280.SH
20190911,1.078,1.068,1.079,1.066,552450,512280.SH
20190912,1.072,1.075,1.077,1.069,453205,512280.SH
20190916,1.076,1.073,1.076,1.069,377753,512280.SH
20190917,1.069,1.057,1.069,1.052,568650,512280.SH
20190918,1.057,1.062,1.065,1.057,465499,512280.SH
20190919,1.065,1.067,1.067,1.06,559229,512280.SH
20190920,1.068,1.068,1.07,1.066,664585,512280.SH
20190923,1.067,1.059,1.067,1.052,670486,512280.SH
20190924,1.059,1.061,1.069,1.058,723311,512280.SH
20190925,1.058,1.053,1.059,1.053,588203,512280.SH
20190926,1.053,1.046,1.059,1.045,701387,512280.SH
20190927,1.048,1.049,1.05,1.045,579501,512280.SH
20190930,1.046,1.038,1.05,1.038,752842,512280.SH
20191008,1.04,1.046,1.051,1.039,679880,512280.SH
20191009,1.046,1.045,1.047,1.036,552421,512280.SH
20191010,1.042,1.055,1.056,1.042,515906,512280.SH
20191011,1.057,1.065,1.068,1.053,757101,512280.SH
20191014,1.07,1.074,1.085,1.07,764575,512280.SH
20191015,1.07,1.072,1.074,1.07,509257,512280.SH
20191016,1.072,1.066,1.078,1.066,440625,512280.SH
20191017,1.066,1.067,1.071,1.065,446133,512280.SH
20191018,1.07,1.056,1.072,1.052,634910,512280.SH
20191021,1.058,1.056,1.058,1.049,528499,512280.SH
20191022,1.059,1.061,1.063,1.053,559570,512280.SH
20191023,1.059,1.053,1.061,1.05,592385,512280.SH
20191024,1.054,1.054,1.058,1.048,624686,512280.SH
20191025,1.053,1.063,1.063,1.047,769983,512280.SH
20191028,1.063,1.066,1.069,1.061,568301,512280.SH
20191029,1.066,1.064,1.068,1.064,529495,512280.SH
20191030,1.063,1.059,1.063,1.055,589442,512280.SH
20191031,1.061,1.057,1.063,1.055,452639,512280.SH
20191101,1.056,1.073,1.074,1.055,453912,512280.SH
20191104,1.078,1.078,1.08,1.075,430726,512280.SH
20191105,1.08,1.084,1.093,1.077,456466,512280.SH
20191106,1.084,1.079,1.085,1.077,560091,512280.SH
20191107,1.078,1.08,1.086,1.077,474201,512280.SH
20191108,1.086,1.078,1.089,1.077,434026,512280.SH
20191111,1.077,1.058,1.077,1.058,449357,512280.SH
20191112,1.062,1.061,1.064,1.053,451478,512280.SH
20191113,1.061,1.061,1.061,1.055,478761,512280.SH
20191114,1.061,1.061,1.064,1.059,466159,512280.SH
20191115,1.061,1.055,1.064,1.054,437423,512280.SH
20191118,1.054,1.063,1.064,1.053,411985,512280.SH
20191119,1.061,1.072,1.073,1.061,345135,512280.SH
20191120,1.07,1.063,1.07,1.06,465343,512280.SH
20191121,1.058,1.059,1.062,1.054,522615,512280.SH
20191122,1.061,1.045,1.067,1.044,563542,512280.SH
20191125,1.048,1.054,1.055,1.046,441350,512280.SH
20191126,1.056,1.057,1.059,1.051,445361,512280.SH
20191127,1.052,1.054,1.059,1.05,470376,512280.SH
20191128,1.056,1.051,1.057,1.049,464848,512280.SH
20191129,1.05,1.04,1.051,1.036,556334,512280.SH
20191202,1.045,1.043,1.048,1.042,465500,512280.SH
20191203,1.04,1.046,1.046,1.037,391768,512280.SH
20191204,1.044,1.047,1.047,1.041,402935,512280.SH
20191205,1.049,1.054,1.056,1.048,462332,512280.SH
20191206,1.054,1.06,1.061,1.054,466622,512280.SH
20191209,1.062,1.06,1.063,1.058,446926,512280.SH
20191210,1.057,1.061,1.062,1.057,333289,512280.SH
20191211,1.061,1.061,1.063,1.058,380094,512280.SH
20191212,1.063,1.059,1.063,1.057,392088,512280.SH
20191213,1.063,1.08,1.08,1.063,401586,512280.SH
20191216,1.085,1.083,1.085,1.075,429628,512280.SH
20191217,1.088,1.102,1.106,1.083,410367,512280.SH
20191218,1.1,1.096,1.102,1.095,450573,512280.SH
20191219,1.095,1.095,1.098,1.091,472026,512280.SH
20191220,1.094,1.092,1.099,1.092,515792,512280.SH
20191223,1.09,1.077,1.094,1.077,400171,512280.SH
20191224,1.08,1.085,1.086,1.078,392343,512280.SH
20191225,1.084,1.087,1.089,1.082,412037,512280.SH
20191226,1.087,1.096,1.096,1.087,364714,512280.SH
20191227,1.096,1.094,1.108,1.093,351440,512280.SH
20191230,1.09,1.11,1.11,1.09,305332,512280.SH
20191231,1.11,1.113,1.115,1.107,286376,512280.SH
20200102,1.129,1.127,1.134,1.119,306848,512280.SH
20200103,1.127,1.125,1.13,1.121,139771,512280.SH
20200106,1.121,1.122,1.135,1.116,182280,512280.SH
20200107,1.126,1.129,1.132,1.124,217041,512280.SH
20200108,1.129,1.118,1.129,1.115,256555,512280.SH
20200109,1.124,1.132,1.133,1.124,143979,512280.SH
20200110,1.132,1.132,1.135,1.129,65770,512280.SH
20200113,1.132,1.146,1.146,1.131,164432,512280.SH
20200114,1.147,1.142,1.151,1.141,69620,512280.SH
20200115,1.141,1.136,1.143,1.133,81564,512280.SH
20200116,1.138,1.135,1.139,1.132,67926,512280.SH
20200117,1.135,1.136,1.141,1.132,63914,512280.SH
20200120,1.133,1.143,1.143,1.133,78075,512280.SH
20200121,1.139,1.127,1.139,1.126,111763,512280.SH
20200122,1.12,1.134,1.136,1.11,133956,512280.SH
20200123,1.126,1.099,1.127,1.09,85448,512280.SH
20200203,0.989,1.005,1.051,0.989,125712,512280.SH
20200204,0.999,1.043,1.044,0.999,55894,512280.SH
20200205,1.04,1.057,1.066,1.04,33714,512280.SH
20200206,1.056,1.077,1.083,1.053,98883,512280.SH
20200207,1.072,1.078,1.078,1.067,61210,512280.SH
20200210,1.073,1.087,1.087,1.071,152493,512280.SH
20200211,1.082,1.093,1.097,1.082,76422,512280.SH
20200212,1.092,1.103,1.104,1.09,78026,512280.SH
20200213,1.103,1.097,1.107,1.096,77812,512280.SH
20200214,1.098,1.104,1.109,1.098,90514,512280.SH
20200217,1.104,1.126,1.129,1.104,124701,512280.SH
20200218,1.126,1.124,1.129,1.117,118148,512280.SH
20200219,1.124,1.123,1.132,1.121,121863,512280.SH
20200220,1.128,1.146,1.15,1.123,251455,512280.SH
20200221,1.146,1.152,1.159,1.143,125980,512280.SH
20200224,1.152,1.149,1.152,1.137,88326,512280.SH
20200225,1.141,1.148,1.15,1.118,155121,512280.SH
20200226,1.141,1.137,1.149,1.13,162302,512280.SH
20200227,1.14,1.135,1.145,1.133,99720,512280.SH
20200228,1.128,1.093,1.128,1.09,112983,512280.SH
20200302,1.099,1.128,1.138,1.099,89656,512280.SH
20200303,1.134,1.137,1.154,1.131,74308,512280.SH
20200304,1.137,1.145,1.145,1.129,117452,512280.SH
20200305,1.151,1.165,1.169,1.148,168900,512280.SH
20200306,1.16,1.15,1.16,1.149,127057,512280.SH
20200309,1.11,1.112,1.15,1.11,153372,512280.SH
20200310,1.111,1.129,1.139,1.1,142940,512280.SH
20200311,1.129,1.123,1.139,1.122,116497,512280.SH
20200312,1.122,1.106,1.122,1.092,84341,512280.SH
20200313,1.076,1.087,1.107,1.046,121842,512280.SH
20200316,1.087,1.044,1.087,1.04,122971,512280.SH
20200317,1.045,1.035,1.06,1.012,149849,512280.SH
20200318,1.037,1.024,1.054,1.018,175371,512280.SH
20200319,1.02,1.01,1.022,0.984,229360,512280.SH
20200320,1.015,1.021,1.027,1.008,77549,512280.SH
20200323,0.996,0.991,1.006,0.988,97881,512280.SH
20200324,1.001,1.016,1.017,0.995,79859,512280.SH
20200325,1.026,1.041,1.043,1.026,53992,512280.SH
20200326,1.034,1.036,1.045,1.032,46577,512280.SH
20200327,1.045,1.039,1.053,1.039,56430,512280.SH
20200330,1.029,1.029,1.031,1.018,79089,512280.SH
20200331,1.031,1.034,1.04,1.031,56946,512280.SH
20200401,1.033,1.03,1.045,1.029,35084,512280.SH
20200402,1.025,1.045,1.047,1.025,83616,512280.SH
20200403,1.045,1.042,1.049,1.039,53932,512280.SH
20200407,1.047,1.066,1.068,1.047,91438,512280.SH
20200408,1.061,1.062,1.067,1.059,47493,512280.SH
20200409,1.066,1.067,1.07,1.065,34844,512280.SH
20200410,1.064,1.058,1.073,1.056,88896,512280.SH
20200413,1.051,1.052,1.055,1.049,34939,512280.SH
20200414,1.057,1.071,1.072,1.055,77157,512280.SH
20200415,1.072,1.066,1.076,1.066,56934,512280.SH
20200416,1.066,1.069,1.07,1.063,84733,512280.SH
20200417,1.074,1.077,1.085,1.074,126091,512280.SH
20200420,1.077,1.082,1.083,1.077,26166,512280.SH
20200421,1.079,1.072,1.079,1.064,16775,512280.SH
20200422,1.065,1.081,1.081,1.065,33828,512280.SH
20200423,1.08,1.078,1.085,1.078,14782,512280.SH
20200424,1.076,1.069,1.078,1.067,49100,512280.SH
20200427,1.069,1.075,1.082,1.069,54521,512280.SH
20200428,1.075,1.081,1.085,1.06,21340,512280.SH
20200429,1.08,1.085,1.091,1.08,41390,512280.SH
20200430,1.085,1.099,1.101,1.085,38398,512280.SH
20200506,1.094,1.106,1.107,1.088,45913,512280.SH
20200507,1.106,1.106,1.11,1.104,33360,512280.SH
20200508,1.106,1.116,1.12,1.106,45321,512280.SH
20200511,1.116,1.113,1.124,1.109,69718,512280.SH
20200512,1.113,1.113,1.114,1.106,42766,512280.SH
20200513,1.109,1.116,1.119,1.109,22936,512280.SH
20200514,1.112,1.105,1.113,1.105,32585,512280.SH
20200515,1.111,1.104,1.111,1.102,20079,512280.SH
20200518,1.103,1.109,1.114,1.102,18464,512280.SH
20200519,1.115,1.115,1.118,1.113,19850,512280.SH
20200520,1.115,1.11,1.117,1.11,25090,512280.SH
20200521,1.113,1.106,1.113,1.104,48787,512280.SH
20200522,1.099,1.083,1.099,1.08,46316,512280.SH
20200525,1.082,1.083,1.085,1.077,79623,512280.SH
20200526,1.088,1.097,1.098,1.088,26598,512280.SH
20200527,1.095,1.089,1.097,1.088,62519,512280.SH
20200528,1.09,1.092,1.097,1.081,53086,512280.SH
20200529,1.085,1.095,1.096,1.085,32278,512280.SH
20200601,1.106,1.124,1.126,1.106,39325,512280.SH
20200602,1.12,1.126,1.13,1.12,13970,512280.SH
20200603,1.131,1.126,1.134,1.126,26896,512280.SH
20200604,1.129,1.125,1.129,1.123,40208,512280.SH
20200605,1.125,1.131,1.131,1.123,66630,512280.SH
20200608,1.131,1.134,1.143,1.131,77935,512280.SH
20200609,1.135,1.141,1.142,1.134,75060,512280.SH
20200610,1.141,1.143,1.143,1.139,61756,512280.SH
20200611,1.14,1.135,1.147,1.13,59162,512280.SH
20200612,1.12,1.134,1.139,1.12,43524,512280.SH
20200615,1.13,1.124,1.137,1.124,113569,512280.SH
20200616,1.126,1.141,1.141,1.126,45639,512280.SH
20200617,1.143,1.146,1.146,1.138,66299,512280.SH
20200618,1.142,1.151,1.153,1.142,58502,512280.SH
20200619,1.151,1.166,1.168,1.151,26582,512280.SH
20200622,1.167,1.169,1.174,1.166,14274,512280.SH
20200623,1.168,1.177,1.177,1.166,42535,512280.SH
20200624,1.177,1.186,1.186,1.177,65195,512280.SH
20200629,1.185,1.177,1.185,1.173,68608,512280.SH
20200630,1.178,1.194,1.197,1.178,15906,512280.SH
20200701,1.195,1.214,1.214,1.195,22945,512280.SH
20200702,1.213,1.238,1.238,1.213,78671,512280.SH
20200703,1.239,1.256,1.256,1.239,85218,512280.SH
20200706,1.261,1.319,1.322,1.261,109554,512280.SH
20200707,1.33,1.33,1.357,1.329,94878,512280.SH
20200708,1.33,1.352,1.361,1.327,133733,512280.SH
20200709,1.351,1.375,1.377,1.351,40025,512280.SH
20200710,1.374,1.36,1.379,1.356,72279,512280.SH
20200713,1.332,1.396,1.4,1.332,43090,512280.SH
20200714,1.395,1.384,1.397,1.362,54692,512280.SH
20200715,1.383,1.368,1.393,1.36,54812,512280.SH
20200716,1.368,1.304,1.374,1.302,55641,512280.SH
20200717,1.3,1.311,1.326,1.294,65511,512280.SH
20200720,1.312,1.345,1.345,1.308,54010,512280.SH
20200721,1.346,1.352,1.355,1.341,52780,512280.SH
20200722,1.346,1.358,1.378,1.346,84828,512280.SH
20200723,1.351,1.359,1.363,1.331,32538,512280.SH
20200724,1.358,1.301,1.358,1.295,58025,512280.SH
20200727,1.302,1.304,1.311,1.293,50245,512280.SH
20200728,1.305,1.318,1.323,1.305,19264,512280.SH
20200729,1.317,1.348,1.348,1.313,46046,512280.SH
20200730,1.348,1.344,1.354,1.342,30079,512280.SH
20200731,1.349,1.354,1.365,1.335,222237,512280.SH
20200803,1.369,1.377,1.378,1.362,105539,512280.SH
20200804,1.372,1.375,1.385,1.37,98871,512280.SH
20200805,1.376,1.379,1.38,1.36,49075,512280.SH
20200806,1.38,1.376,1.382,1.359,57270,512280.SH
20200807,1.375,1.362,1.375,1.344,42973,512280.SH
20200810,1.361,1.367,1.375,1.349,75884,512280.SH
20200811,1.368,1.359,1.387,1.358,55561,512280.SH
20200812,1.359,1.348,1.359,1.325,36236,512280.SH
20200813,1.349,1.347,1.355,1.345,34011,512280.SH
20200814,1.35,1.366,1.366,1.345,54906,512280.SH
20200817,1.367,1.398,1.398,1.367,90253,512280.SH
20200818,1.398,1.4,1.403,1.392,36960,512280.SH
20200819,1.389,1.383,1.399,1.381,65057,512280.SH
20200820,1.382,1.365,1.382,1.36,26928,512280.SH
20200821,1.367,1.384,1.389,1.367,181004,512280.SH
20200824,1.385,1.395,1.399,1.384,132231,512280.SH
20200825,1.396,1.397,1.409,1.395,55427,512280.SH
20200826,1.396,1.381,1.401,1.379,67006,512280.SH
20200827,1.382,1.392,1.392,1.377,126640,512280.SH
20200828,1.391,1.423,1.426,1.388,133008,512280.SH
20200831,1.424,1.416,1.452,1.415,55397,512280.SH
20200901,1.415,1.423,1.423,1.41,72456,512280.SH
20200902,1.424,1.428,1.435,1.414,78380,512280.SH
20200903,1.426,1.42,1.438,1.418,63873,512280.SH
20200904,1.402,1.407,1.411,1.394,74246,512280.SH
20200907,1.406,1.378,1.414,1.374,46736,512280.SH
20200908,1.382,1.381,1.383,1.366,59178,512280.SH
20200909,1.38,1.348,1.38,1.339,59801,512280.SH
20200910,1.349,1.346,1.366,1.343,35649,512280.SH
20200911,1.348,1.361,1.361,1.345,31116,512280.SH
20200914,1.362,1.372,1.374,1.362,9200,512280.SH
20200915,1.371,1.379,1.38,1.365,20299,512280.SH
20200916,1.381,1.37,1.382,1.369,53527,512280.SH
20200917,1.369,1.37,1.375,1.357,94611,512280.SH
20200918,1.371,1.395,1.396,1.367,92332,512280.SH
20200921,1.396,1.384,1.4,1.383,66473,512280.SH
20200922,1.376,1.37,1.39,1.368,77364,512280.SH
20200923,1.371,1.376,1.379,1.37,55550,512280.SH
20200924,1.375,1.352,1.375,1.351,62219,512280.SH
20200925,1.353,1.358,1.367,1.353,43080,512280.SH
20200928,1.363,1.358,1.366,1.356,37302,512280.SH
20200929,1.359,1.365,1.372,1.359,46327,512280.SH
20200930,1.366,1.364,1.378,1.356,80763,512280.SH
20201009,1.365,1.39,1.396,1.365,82348,512280.SH
20201012,1.391,1.432,1.432,1.391,57593,512280.SH
20201013,1.433,1.438,1.44,1.427,35478,512280.SH
20201014,1.436,1.428,1.436,1.426,44280,512280.SH
20201015,1.433,1.427,1.434,1.426,39246,512280.SH
20201016,1.429,1.423,1.432,1.417,80464,512280.SH
20201019,1.423,1.413,1.439,1.41,85278,512280.SH
20201020,1.412,1.421,1.423,1.409,23900,512280.SH
20201021,1.422,1.423,1.427,1.414,73102,512280.SH
20201022,1.422,1.415,1.422,1.401,19640,512280.SH
20201023,1.417,1.401,1.422,1.397,31400,512280.SH
20201026,1.4,1.388,1.4,1.375,61798,512280.SH
20201027,1.389,1.395,1.396,1.386,76960,512280.SH
20201028,1.396,1.407,1.41,1.393,82393,512280.SH
20201029,1.406,1.425,1.43,1.396,94643,512280.SH
20201030,1.426,1.404,1.427,1.4,145586,512280.SH
20201102,1.404,1.406,1.414,1.402,40874,512280.SH
20201103,1.406,1.428,1.43,1.406,57459,512280.SH
20201104,1.426,1.433,1.437,1.422,22444,512280.SH
20201105,1.434,1.454,1.455,1.434,202598,512280.SH
20201106,1.455,1.448,1.458,1.439,38505,512280.SH
20201109,1.449,1.477,1.482,1.449,144648,512280.SH
20201110,1.477,1.472,1.483,1.467,54901,512280.SH
20201111,1.471,1.457,1.473,1.457,39102,512280.SH
20201112,1.461,1.456,1.462,1.452,37981,512280.SH
20201113,1.448,1.445,1.449,1.437,100343,512280.SH
20201116,1.446,1.46,1.46,1.444,15832,512280.SH
20201117,1.461,1.455,1.461,1.448,88624,512280.SH
20201118,1.452,1.455,1.461,1.45,58119,512280.SH
20201119,1.449,1.466,1.468,1.448,29939,512280.SH
20201120,1.467,1.475,1.475,1.466,51981,512280.SH
20201123,1.475,1.489,1.495,1.474,33458,512280.SH
20201124,1.485,1.483,1.488,1.479,60482,512280.SH
20201125,1.484,1.464,1.49,1.463,24034,512280.SH
20201126,1.463,1.464,1.467,1.454,19299,512280.SH
20201127,1.465,1.479,1.479,1.462,46258,512280.SH
20201130,1.48,1.474,1.496,1.47,63722,512280.SH
20201201,1.473,1.499,1.501,1.473,57631,512280.SH
20201202,1.5,1.499,1.503,1.491,32309,512280.SH
20201203,1.498,1.503,1.504,1.494,24726,512280.SH
20201204,1.502,1.508,1.51,1.497,24643,512280.SH
20201207,1.508,1.501,1.508,1.498,24782,512280.SH
20201208,1.506,1.502,1.508,1.499,21230,512280.SH
20201209,1.504,1.485,1.509,1.485,20832,512280.SH
20201210,1.484,1.484,1.491,1.479,5751,512280.SH
20201211,1.485,1.474,1.49,1.464,23519,512280.SH
20201214,1.475,1.486,1.486,1.474,9970,512280.SH
20201215,1.487,1.493,1.495,1.481,18532,512280.SH
20201216,1.493,1.492,1.498,1.49,9122,512280.SH
20201217,1.499,1.513,1.515,1.494,47995,512280.SH
20201218,1.511,1.505,1.514,1.5,12025,512280.SH
20201221,1.507,1.526,1.526,1.502,13107,512280.SH
20201222,1.524,1.503,1.531,1.502,23815,512280.SH
20201223,1.507,1.515,1.523,1.504,19434,512280.SH
20201224,1.515,1.513,1.522,1.507,40660,512280.SH
20201225,1.513,1.525,1.525,1.504,13455,512280.SH
20201228,1.526,1.531,1.539,1.525,51788,512280.SH
20201229,1.533,1.526,1.536,1.522,48994,512280.SH
20201230,1.527,1.547,1.548,1.527,13560,512280.SH
20201231,1.545,1.58,1.582,1.545,48469,512280.SH
20210104,1.57,1.606,1.608,1.57,16432,512280.SH
20210105,1.604,1.633,1.635,1.601,17310,512280.SH
20210106,1.635,1.645,1.653,1.625,75681,512280.SH
20210107,1.647,1.676,1.676,1.645,116996,512280.SH
20210108,1.678,1.666,1.689,1.652,183275,512280.SH
20210111,1.668,1.649,1.682,1.642,41988,512280.SH
20210112,1.647,1.691,1.693,1.642,32872,512280.SH
20210113,1.692,1.682,1.704,1.669,26916,512280.SH
20210114,1.679,1.651,1.679,1.649,23136,512280.SH
20210115,1.65,1.65,1.659,1.626,73249,512280.SH
20210118,1.65,1.666,1.67,1.636,20243,512280.SH
20210119,1.671,1.64,1.671,1.636,106296,512280.SH
20210120,1.641,1.659,1.665,1.641,19637,512280.SH
20210121,1.667,1.689,1.695,1.667,56160,512280.SH
20210122,1.687,1.693,1.695,1.677,54728,512280.SH
20210125,1.678,1.713,1.722,1.678,21324,512280.SH
20210126,1.712,1.682,1.712,1.681,16923,512280.SH
20210127,1.68,1.685,1.688,1.662,26597,512280.SH
20210128,1.641,1.64,1.67,1.637,23458,512280.SH
20210129,1.652,1.636,1.658,1.615,19540,512280.SH
20210201,1.635,1.654,1.654,1.635,20198,512280.SH
20210202,1.661,1.682,1.682,1.648,27034,512280.SH
20210203,1.684,1.682,1.696,1.674,7969,512280.SH
20210204,1.68,1.679,1.687,1.659,25688,512280.SH
20210205,1.683,1.678,1.698,1.677,23602,512280.SH
20210208,1.68,1.702,1.707,1.675,31814,512280.SH
20210209,1.7,1.74,1.74,1.7,45191,512280.SH
20210210,1.75,1.777,1.782,1.749,27455,512280.SH
20210218,1.782,1.769,1.814,1.762,25124,512280.SH
20210219,1.767,1.764,1.768,1.73,46744,512280.SH
20210222,1.769,1.715,1.77,1.715,96507,512280.SH
20210223,1.715,1.708,1.725,1.698,58337,512280.SH
20210224,1.711,1.66,1.712,1.647,49660,512280.SH
20210225,1.662,1.664,1.685,1.662,27723,512280.SH
20210226,1.662,1.63,1.662,1.624,26194,512280.SH
20210301,1.63,1.653,1.654,1.63,78120,512280.SH
20210302,1.653,1.631,1.661,1.621,78379,512280.SH
20210303,1.632,1.664,1.664,1.629,83383,512280.SH
20210304,1.651,1.612,1.651,1.605,50632,512280.SH
20210305,1.609,1.608,1.618,1.581,44084,512280.SH
20210308,1.61,1.552,1.626,1.552,54749,512280.SH
20210309,1.547,1.519,1.556,1.501,65918,512280.SH
20210310,1.52,1.528,1.546,1.52,26473,512280.SH
20210311,1.538,1.567,1.57,1.532,42474,512280.SH
20210312,1.572,1.574,1.574,1.554,124386,512280.SH
20210315,1.572,1.542,1.572,1.528,17828,512280.SH
20210316,1.54,1.55,1.554,1.534,19911,512280.SH
20210317,1.541,1.561,1.567,1.536,11545,512280.SH
20210318,1.568,1.577,1.581,1.568,31192,512280.SH
20210319,1.552,1.539,1.562,1.53,88923,512280.SH
20210322,1.539,1.553,1.557,1.537,35218,512280.SH
20210323,1.552,1.541,1.556,1.528,10160,512280.SH
20210324,1.539,1.516,1.543,1.513,18237,512280.SH
20210325,1.514,1.519,1.526,1.507,28662,512280.SH
20210326,1.535,1.554,1.559,1.534,21829,512280.SH
20210329,1.552,1.56,1.57,1.548,9727,512280.SH
20210330,1.558,1.574,1.578,1.558,9930,512280.SH
20210331,1.576,1.566,1.576,1.557,7782,512280.SH
20210401,1.566,1.583,1.585,1.566,18188,512280.SH
20210402,1.594,1.602,1.603,1.587,19537,512280.SH
20210406,1.604,1.596,1.607,1.592,5516,512280.SH
20210407,1.598,1.587,1.598,1.572,29453,512280.SH
20210408,1.585,1.589,1.595,1.574,40027,512280.SH
20210409,1.589,1.573,1.59,1.568,17678,512280.SH
20210412,1.571,1.549,1.578,1.545,26659,512280.SH
20210413,1.549,1.545,1.563,1.541,35615,512280.SH
20210414,1.547,1.566,1.568,1.547,29049,512280.SH
20210415,1.564,1.553,1.564,1.54,6289,512280.SH
20210416,1.555,1.559,1.564,1.549,10669,512280.SH
20210419,1.559,1.598,1.598,1.551,17161,512280.SH
20210420,1.596,1.596,1.607,1.59,20119,512280.SH
20210421,1.594,1.603,1.604,1.588,7918,512280.SH
20210422,1.605,1.599,1.607,1.595,3585,512280.SH
20210423,1.601,1.618,1.621,1.601,7369,512280.SH
20210426,1.62,1.6,1.635,1.6,7919,512280.SH
20210427,1.602,1.61,1.61,1.595,10114,512280.SH
20210428,1.608,1.617,1.617,1.602,28756,512280.SH
20210429,1.627,1.632,1.632,1.62,44308,512280.SH
20210430,1.632,1.623,1.633,1.615,44696,512280.SH
20210506,1.624,1.605,1.624,1.595,42995,512280.SH
20210507,1.604,1.584,1.615,1.584,43157,512280.SH
20210510,1.585,1.58,1.592,1.57,35640,512280.SH
20210511,1.574,1.59,1.592,1.561,29423,512280.SH
20210512,1.59,1.599,1.6,1.583,14799,512280.SH
20210513,1.586,1.586,1.592,1.579,40860,512280.SH
20210514,1.59,1.622,1.624,1.583,67305,512280.SH
20210517,1.63,1.649,1.651,1.629,19415,512280.SH
20210518,1.648,1.65,1.654,1.64,67003,512280.SH
20210519,1.648,1.646,1.653,1.641,47933,512280.SH
20210520,1.645,1.649,1.653,1.641,36042,512280.SH
20210521,1.644,1.639,1.658,1.635,83033,512280.SH
20210524,1.637,1.647,1.647,1.628,34158,512280.SH
20210525,1.652,1.697,1.7,1.65,32849,512280.SH
20210526,1.701,1.695,1.704,1.693,16015,512280.SH
20210527,1.691,1.702,1.71,1.687,22923,512280.SH
20210528,1.704,1.701,1.712,1.692,35674,512280.SH
20210531,1.696,1.709,1.709,1.693,43693,512280.SH
20210601,1.71,1.715,1.715,1.694,38249,512280.SH
20210602,1.718,1.701,1.72,1.695,9518,512280.SH
20210603,1.7,1.691,1.709,1.691,27265,512280.SH
20210604,1.686,1.704,1.719,1.686,54203,512280.SH
20210607,1.704,1.704,1.704,1.694,28102,512280.SH
20210608,1.704,1.69,1.721,1.681,32190,512280.SH
20210609,1.69,1.697,1.7,1.689,18332,512280.SH
20210610,1.702,1.711,1.718,1.702,13640,512280.SH
20210611,1.713,1.701,1.713,1.697,63607,512280.SH
20210615,1.706,1.683,1.706,1.673,28894,512280.SH
20210616,1.681,1.656,1.683,1.653,18250,512280.SH
20210617,1.658,1.662,1.67,1.656,26531,512280.SH
20210618,1.664,1.669,1.675,1.655,31917,512280.SH
20210621,1.669,1.667,1.675,1.657,27409,512280.SH
20210622,1.675,1.684,1.685,1.671,44380,512280.SH
20210623,1.686,1.694,1.698,1.685,17926,512280.SH
20210624,1.698,1.698,1.7,1.688,48890,512280.SH
20210625,1.702,1.724,1.727,1.699,50466,512280.SH
20210628,1.722,1.731,1.732,1.722,18016,512280.SH
20210629,1.736,1.719,1.736,1.717,45641,512280.SH
20210630,1.72,1.731,1.733,1.72,33708,512280.SH
20210701,1.742,1.734,1.743,1.724,33046,512280.SH
20210702,1.736,1.691,1.736,1.688,41596,512280.SH
20210705,1.689,1.694,1.696,1.683,42946,512280.SH
20210706,1.694,1.695,1.696,1.677,37834,512280.SH
20210707,1.69,1.714,1.716,1.69,45787,512280.SH
20210708,1.714,1.7,1.719,1.7,33360,512280.SH
20210709,1.699,1.704,1.706,1.682,60618,512280.SH
20210712,1.708,1.726,1.734,1.705,59815,512280.SH
20210713,1.725,1.732,1.735,1.721,46020,512280.SH
20210714,1.724,1.715,1.728,1.713,47885,512280.SH
20210715,1.713,1.738,1.739,1.711,42619,512280.SH
20210716,1.733,1.718,1.733,1.715,89985,512280.SH
20210719,1.713,1.722,1.722,1.703,35032,512280.SH
20210720,1.712,1.722,1.722,1.709,45532,512280.SH
20210721,1.725,1.738,1.742,1.725,32094,512280.SH
20210722,1.742,1.743,1.746,1.738,57749,512280.SH
20210723,1.743,1.729,1.743,1.725,62014,512280.SH
20210726,1.729,1.678,1.729,1.66,63611,512280.SH
20210727,1.685,1.625,1.689,1.624,49734,512280.SH
20210728,1.625,1.63,1.638,1.597,64537,512280.SH
20210729,1.636,1.656,1.661,1.636,71917,512280.SH
20210730,1.625,1.648,1.653,1.625,41880,512280.SH
20210802,1.643,1.689,1.689,1.633,64749,512280.SH
20210803,1.686,1.683,1.693,1.673,96868,512280.SH
20210804,1.678,1.702,1.702,1.678,54859,512280.SH
20210805,1.699,1.699,1.71,1.69,96868,512280.SH
20210806,1.698,1.689,1.698,1.681,28987,512280.SH
20210809,1.689,1.708,1.711,1.681,28290,512280.SH
20210810,1.707,1.727,1.727,1.697,55105,512280.SH
20210811,1.727,1.724,1.734,1.722,37863,512280.SH
20210812,1.724,1.714,1.725,1.709,54520,512280.SH
20210813,1.709,1.708,1.725,1.701,24569,512280.SH
20210816,1.708,1.703,1.714,1.698,19710,512280.SH
20210817,1.7,1.669,1.71,1.665,52005,512280.SH
20210818,1.672,1.687,1.691,1.662,73075,512280.SH
20210819,1.68,1.678,1.688,1.67,43184,512280.SH
20210820,1.675,1.652,1.675,1.636,53490,512280.SH
20210823,1.655,1.677,1.679,1.655,33380,512280.SH
20210824,1.67,1.698,1.702,1.67,57973,512280.SH
20210825,1.69,1.706,1.706,1.69,31279,512280.SH
20210826,1.7,1.681,1.703,1.68,35110,512280.SH
20210827,1.679,1.685,1.696,1.678,15228,512280.SH
20210830,1.688,1.682,1.69,1.674,38152,512280.SH
20210831,1.679,1.676,1.684,1.659,181195,512280.SH
20210901,1.677,1.695,1.707,1.664,61821,512280.SH
20210902,1.698,1.7,1.701,1.694,48494,512280.SH
20210903,1.7,1.687,1.703,1.683,55560,512280.SH
20210906,1.689,1.719,1.722,1.689,46786,512280.SH
20210907,1.718,1.74,1.744,1.717,61632,512280.SH
20210908,1.737,1.733,1.746,1.728,12304,512280.SH
20210909,1.731,1.739,1.739,1.724,26998,512280.SH
20210910,1.737,1.749,1.758,1.737,36088,512280.SH
20210913,1.752,1.748,1.758,1.74,30497,512280.SH
20210914,1.747,1.728,1.756,1.724,16063,512280.SH
20210915,1.723,1.718,1.728,1.71,9690,512280.SH
20210916,1.728,1.695,1.728,1.695,15266,512280.SH
20210917,1.695,1.71,1.711,1.689,24105,512280.SH
20210922,1.711,1.702,1.711,1.684,22405,512280.SH
20210923,1.705,1.711,1.719,1.705,12964,512280.SH
20210924,1.713,1.709,1.725,1.708,22890,512280.SH
20210927,1.713,1.714,1.732,1.705,41074,512280.SH
20210928,1.714,1.713,1.721,1.706,30169,512280.SH
20210929,1.701,1.694,1.702,1.683,39984,512280.SH
20210930,1.695,1.711,1.711,1.695,31019,512280.SH
20211008,1.716,1.725,1.73,1.716,25007,512280.SH
20211011,1.72,1.725,1.737,1.72,17133,512280.SH
20211012,1.717,1.703,1.717,1.689,29492,512280.SH
20211013,1.707,1.726,1.729,1.701,36887,512280.SH
20211014,1.729,1.721,1.732,1.719,28987,512280.SH
20211015,1.716,1.729,1.731,1.716,17993,512280.SH
20211018,1.727,1.719,1.727,1.709,13172,512280.SH
20211019,1.721,1.734,1.736,1.721,6264,512280.SH
20211020,1.731,1.73,1.737,1.726,15209,512280.SH
20211021,1.733,1.732,1.737,1.723,23484,512280.SH
20211022,1.732,1.739,1.747,1.732,41179,512280.SH
20211025,1.739,1.749,1.749,1.734,55913,512280.SH
20211026,1.75,1.743,1.76,1.742,13438,512280.SH
20211027,1.734,1.726,1.734,1.722,16802,512280.SH
20211028,1.721,1.714,1.727,1.707,40594,512280.SH
20211029,1.716,1.73,1.73,1.712,54793,512280.SH
20211101,1.73,1.725,1.732,1.714,36205,512280.SH
20211102,1.722,1.71,1.734,1.699,130427,512280.SH
20211103,1.71,1.706,1.716,1.7,34929,512280.SH
20211104,1.712,1.724,1.725,1.712,32161,512280.SH
20211105,1.72,1.712,1.728,1.711,43884,512280.SH
20211108,1.712,1.717,1.723,1.707,56273,512280.SH
20211109,1.716,1.714,1.722,1.707,104716,512280.SH
20211110,1.707,1.704,1.708,1.68,50677,512280.SH
20211111,1.706,1.726,1.726,1.705,40471,512280.SH
20211112,1.73,1.726,1.731,1.721,41378,512280.SH
20211115,1.727,1.721,1.731,1.715,22032,512280.SH
20211116,1.722,1.721,1.732,1.719,50928,512280.SH
20211117,1.722,1.724,1.726,1.717,4680,512280.SH
20211118,1.715,1.711,1.719,1.708,24227,512280.SH
20211119,1.713,1.733,1.733,1.713,10894,512280.SH
20211122,1.736,1.75,1.75,1.736,42302,512280.SH
20211123,1.75,1.747,1.753,1.747,7316,512280.SH
20211124,1.749,1.748,1.752,1.741,22077,512280.SH
20211125,1.749,1.745,1.749,1.745,4327,512280.SH
20211126,1.742,1.735,1.743,1.733,34170,512280.SH
20211129,1.735,1.735,1.737,1.719,38353,512280.SH
20211130,1.739,1.734,1.743,1.729,24863,512280.SH
20211201,1.733,1.735,1.735,1.727,31093,512280.SH
20211202,1.733,1.738,1.743,1.733,9392,512280.SH
20211203,1.74,1.755,1.755,1.74,41921,512280.SH
20211206,1.757,1.748,1.765,1.746,49091,512280.SH
20211207,1.755,1.75,1.757,1.74,15329,512280.SH
20211208,1.753,1.776,1.776,1.75,62292,512280.SH
20211209,1.779,1.797,1.804,1.777,48033,512280.SH
20211210,1.792,1.794,1.794,1.787,22673,512280.SH
20211213,1.8,1.802,1.83,1.789,43494,512280.SH
20211214,1.799,1.789,1.799,1.788,8395,512280.SH
20211215,1.79,1.78,1.795,1.78,6515,512280.SH
20211216,1.783,1.788,1.788,1.774,23315,512280.SH
20211217,1.786,1.764,1.786,1.764,54644,512280.SH
20211220,1.754,1.736,1.769,1.735,41172,512280.SH
20211221,1.742,1.748,1.75,1.734,52175,512280.SH
20211222,1.754,1.762,1.766,1.754,29787,512280.SH
20211223,1.766,1.775,1.775,1.762,27338,512280.SH
20211224,1.77,1.767,1.78,1.76,10691,512280.SH
20211227,1.765,1.765,1.775,1.757,34951,512280.SH
20211228,1.769,1.774,1.777,1.762,44685,512280.SH
20211229,1.772,1.752,1.772,1.75,28027,512280.SH
20211230,1.751,1.766,1.771,1.75,22096,512280.SH
20211231,1.77,1.774,1.776,1.768,18131,512280.SH
20220104,1.776,1.764,1.776,1.751,44480,512280.SH
20220105,1.755,1.738,1.756,1.734,42177,512280.SH
20220106,1.733,1.726,1.736,1.714,37700,512280.SH
20220107,1.731,1.723,1.736,1.721,35734,512280.SH
20220110,1.718,1.725,1.728,1.706,46804,512280.SH
20220111,1.726,1.711,1.73,1.71,41950,512280.SH
20220112,1.716,1.732,1.732,1.716,16066,512280.SH
20220113,1.731,1.705,1.731,1.704,55636,512280.SH
20220114,1.7,1.692,1.703,1.69,104148,512280.SH
20220117,1.694,1.705,1.707,1.691,43993,512280.SH
20220118,1.702,1.721,1.724,1.7,30980,512280.SH
20220119,1.726,1.71,1.726,1.701,55320,512280.SH
20220120,1.71,1.72,1.727,1.71,111221,512280.SH
20220121,1.72,1.703,1.72,1.698,42802,512280.SH
20220124,1.698,1.706,1.712,1.692,45497,512280.SH
20220125,1.702,1.667,1.704,1.667,37340,512280.SH
20220126,1.672,1.677,1.682,1.659,30481,512280.SH
20220127,1.675,1.645,1.678,1.643,43728,512280.SH
20220128,1.65,1.625,1.655,1.623,30860,512280.SH
20220207,1.657,1.652,1.66,1.645,41406,512280.SH
20220208,1.641,1.645,1.645,1.612,48346,512280.SH
20220209,1.641,1.659,1.663,1.638,14916,512280.SH
20220210,1.655,1.654,1.657,1.646,17707,512280.SH
20220211,1.651,1.639,1.662,1.638,25557,512280.SH
20220214,1.634,1.624,1.64,1.618,25103,512280.SH
20220215,1.627,1.642,1.642,1.627,61556,512280.SH
20220216,1.647,1.649,1.658,1.647,33531,512280.SH
20220217,1.647,1.656,1.662,1.647,39649,512280.SH
20220218,1.651,1.662,1.662,1.645,28703,512280.SH
20220221,1.658,1.66,1.662,1.653,32963,512280.SH
20220222,1.644,1.632,1.644,1.631,35598,512280.SH
20220223,1.636,1.658,1.658,1.636,16169,512280.SH
20220224,1.65,1.628,1.656,1.614,53691,512280.SH
20220225,1.64,1.642,1.658,1.612,46005,512280.SH
20220228,1.647,1.646,1.647,1.632,42343,512280.SH
20220301,1.659,1.661,1.661,1.648,36639,512280.SH
20220302,1.656,1.647,1.656,1.64,45945,512280.SH
20220303,1.647,1.638,1.653,1.637,1817,512280.SH
20220304,1.634,1.619,1.634,1.614,22792,512280.SH
20220307,1.614,1.57,1.614,1.566,45720,512280.SH
20220308,1.578,1.538,1.582,1.533,47295,512280.SH
20220309,1.545,1.523,1.553,1.468,66246,512280.SH
20220310,1.527,1.55,1.562,1.527,54558,512280.SH
20220311,1.538,1.555,1.555,1.513,29703,512280.SH
20220314,1.55,1.512,1.55,1.512,50235,512280.SH
20220315,1.507,1.439,1.507,1.438,40183,512280.SH
20220316,1.453,1.5,1.506,1.425,43115,512280.SH
20220317,1.515,1.528,1.551,1.515,38584,512280.SH
20220318,1.519,1.541,1.541,1.515,14513,512280.SH
20220321,1.536,1.538,1.547,1.526,10093,512280.SH
20220322,1.538,1.542,1.546,1.529,28473,512280.SH
20220323,1.54,1.547,1.548,1.536,18430,512280.SH
20220324,1.532,1.538,1.541,1.527,34831,512280.SH
20220325,1.535,1.51,1.538,1.51,24620,512280.SH
20220328,1.495,1.499,1.508,1.485,41055,512280.SH
20220329,1.504,1.496,1.51,1.493,14905,512280.SH
20220330,1.501,1.534,1.534,1.501,35967,512280.SH
20220331,1.529,1.523,1.532,1.521,47988,512280.SH
20220401,1.514,1.539,1.541,1.514,10330,512280.SH
20220406,1.531,1.531,1.539,1.524,14342,512280.SH
20220407,1.533,1.515,1.537,1.515,17714,512280.SH
20220408,1.517,1.52,1.524,1.505,38972,512280.SH
20220411,1.505,1.477,1.505,1.474,44347,512280.SH
20220412,1.481,1.504,1.505,1.473,44615,512280.SH
20220413,1.506,1.492,1.506,1.492,51235,512280.SH
20220414,1.499,1.508,1.514,1.498,27763,512280.SH
20220415,1.496,1.502,1.51,1.495,26492,512280.SH
20220418,1.487,1.494,1.496,1.479,25459,512280.SH
20220419,1.503,1.491,1.503,1.485,23721,512280.SH
20220420,1.49,1.467,1.492,1.463,31049,512280.SH
20220421,1.463,1.437,1.471,1.432,53018,512280.SH
20220422,1.43,1.44,1.445,1.421,23469,512280.SH
20220425,1.426,1.372,1.426,1.368,53802,512280.SH
20220426,1.371,1.36,1.388,1.354,57661,512280.SH
20220427,1.364,1.395,1.395,1.352,41513,512280.SH
20220428,1.388,1.392,1.414,1.388,40926,512280.SH
20220429,1.404,1.439,1.439,1.398,40569,512280.SH
20220505,1.442,1.439,1.445,1.435,40072,512280.SH
20220506,1.425,1.406,1.425,1.402,22529,512280.SH
20220509,1.407,1.398,1.407,1.39,26683,512280.SH
20220510,1.385,1.41,1.414,1.375,37090,512280.SH
20220511,1.405,1.431,1.453,1.405,47044,512280.SH
20220512,1.43,1.431,1.436,1.422,40166,512280.SH
20220513,1.438,1.442,1.446,1.431,48301,512280.SH
20220516,1.446,1.434,1.451,1.431,25163,512280.SH
20220517,1.433,1.447,1.448,1.433,17324,512280.SH
20220518,1.447,1.443,1.452,1.436,28071,512280.SH
20220519,1.429,1.443,1.446,1.426,11596,512280.SH
20220520,1.457,1.478,1.478,1.457,22709,512280.SH
20220523,1.478,1.47,1.478,1.462,18213,512280.SH
20220524,1.463,1.438,1.469,1.437,47344,512280.SH
20220525,1.439,1.445,1.445,1.433,21583,512280.SH
20220526,1.445,1.449,1.456,1.431,10200,512280.SH
20220527,1.463,1.451,1.47,1.451,37675,512280.SH
20220530,1.456,1.465,1.467,1.456,16373,512280.SH
20220531,1.463,1.486,1.488,1.46,35381,512280.SH
20220601,1.487,1.485,1.488,1.476,13292,512280.SH
20220602,1.476,1.489,1.489,1.476,18900,512280.SH
20220606,1.49,1.517,1.518,1.486,43670,512280.SH
20220607,1.52,1.524,1.531,1.519,22532,512280.SH
20220608,1.528,1.539,1.539,1.516,41768,512280.SH
20220609,1.535,1.528,1.543,1.52,43488,512280.SH
20220610,1.519,1.548,1.551,1.513,21910,512280.SH
20220613,1.511,1.534,1.542,1.511,18426,512280.SH
20220614,1.529,1.547,1.547,1.505,19557,512280.SH
20220615,1.548,1.561,1.587,1.548,14461,512280.SH
20220616,1.565,1.552,1.568,1.548,23526,512280.SH
20220617,1.552,1.577,1.577,1.543,26509,512280.SH
20220620,1.577,1.582,1.592,1.571,38900,512280.SH
20220621,1.583,1.576,1.587,1.567,38818,512280.SH
20220622,1.578,1.564,1.579,1.56,38299,512280.SH
20220623,1.564,1.584,1.584,1.557,34343,512280.SH
20220624,1.588,1.603,1.606,1.588,27460,512280.SH
20220627,1.603,1.626,1.63,1.603,25119,512280.SH
20220628,1.619,1.638,1.64,1.61,26761,512280.SH
20220629,1.632,1.612,1.64,1.61,25297,512280.SH
20220630,1.624,1.636,1.648,1.624,40577,512280.SH
20220701,1.638,1.63,1.642,1.628,44411,512280.SH
20220704,1.632,1.642,1.642,1.618,31013,512280.SH
20220705,1.648,1.64,1.653,1.626,24429,512280.SH
20220706,1.635,1.616,1.637,1.606,26900,512280.SH
20220707,1.617,1.625,1.63,1.608,21164,512280.SH
20220708,1.63,1.62,1.637,1.62,4704,512280.SH
20220711,1.608,1.598,1.608,1.589,14567,512280.SH
20220712,1.6,1.591,1.6,1.579,8061,512280.SH
20220713,1.58,1.592,1.592,1.575,14050,512280.SH
20220714,1.58,1.588,1.6,1.578,19641,512280.SH
20220715,1.59,1.57,1.601,1.57,15721,512280.SH
20220718,1.576,1.587,1.588,1.56,33261,512280.SH
20220719,1.585,1.581,1.585,1.569,22637,512280.SH
20220720,1.584,1.585,1.592,1.583,21527,512280.SH
20220721,1.581,1.572,1.584,1.572,15763,512280.SH
20220722,1.578,1.574,1.579,1.56,2939,512280.SH
20220725,1.567,1.561,1.569,1.557,10121,512280.SH
20220726,1.565,1.576,1.576,1.562,3434,512280.SH
20220727,1.566,1.567,1.57,1.564,12257,512280.SH
20220728,1.572,1.569,1.583,1.568,8357,512280.SH
20220729,1.565,1.549,1.572,1.547,14256,512280.SH
20220801,1.544,1.555,1.557,1.537,6802,512280.SH
20220802,1.54,1.524,1.54,1.512,34183,512280.SH
20220803,1.529,1.511,1.54,1.509,24548,512280.SH
20220804,1.518,1.522,1.525,1.51,28181,512280.SH
20220805,1.529,1.542,1.544,1.524,37960,512280.SH
20220808,1.545,1.546,1.546,1.54,26651,512280.SH
20220809,1.542,1.548,1.55,1.542,17716,512280.SH
20220810,1.548,1.531,1.549,1.527,21160,512280.SH
20220811,1.535,1.563,1.564,1.535,13788,512280.SH
20220812,1.56,1.564,1.566,1.559,23691,512280.SH
20220815,1.574,1.563,1.574,1.56,1940,512280.SH
20220816,1.566,1.564,1.57,1.563,3338,512280.SH
20220817,1.564,1.574,1.577,1.56,17841,512280.SH
20220818,1.572,1.562,1.572,1.56,24059,512280.SH
20220819,1.559,1.556,1.564,1.555,22923,512280.SH
20220822,1.549,1.566,1.566,1.549,24126,512280.SH
20220823,1.567,1.562,1.567,1.559,15709,512280.SH
20220824,1.563,1.53,1.564,1.53,31286,512280.SH
20220825,1.537,1.546,1.546,1.528,18735,512280.SH
20220826,1.548,1.542,1.554,1.542,9989,512280.SH
20220829,1.547,1.532,1.547,1.526,3161,512280.SH
20220830,1.532,1.527,1.535,1.52,35693,512280.SH
20220831,1.526,1.522,1.537,1.514,21182,512280.SH
20220901,1.52,1.512,1.524,1.511,11373,512280.SH
20220902,1.515,1.503,1.515,1.5,13747,512280.SH
20220905,1.502,1.502,1.502,1.492,22411,512280.SH
20220906,1.503,1.517,1.518,1.503,14199,512280.SH
20220907,1.519,1.521,1.525,1.515,15909,512280.SH
20220908,1.523,1.517,1.527,1.517,16935,512280.SH
20220909,1.524,1.535,1.536,1.524,4178,512280.SH
20220913,1.538,1.542,1.546,1.538,10148,512280.SH
20220914,1.528,1.525,1.54,1.518,15256,512280.SH
20220915,1.531,1.505,1.532,1.498,27710,512280.SH
20220916,1.499,1.47,1.499,1.47,35964,512280.SH
20220919,1.468,1.47,1.471,1.463,23741,512280.SH
20220920,1.472,1.472,1.478,1.47,28611,512280.SH
20220921,1.465,1.467,1.47,1.458,19890,512280.SH
20220922,1.453,1.454,1.458,1.449,37711,512280.SH
20220923,1.453,1.453,1.459,1.438,18406,512280.SH
20220926,1.439,1.439,1.457,1.437,15182,512280.SH
20220927,1.439,1.462,1.462,1.439,15698,512280.SH
20220928,1.455,1.438,1.455,1.438,26215,512280.SH
20220929,1.448,1.435,1.452,1.43,16500,512280.SH
20220930,1.444,1.431,1.444,1.43,9612,512280.SH
20221010,1.431,1.408,1.431,1.408,10551,512280.SH
20221011,1.408,1.4,1.408,1.394,18958,512280.SH
20221012,1.402,1.42,1.42,1.376,18953,512280.SH
20221013,1.42,1.412,1.42,1.41,24536,512280.SH
20221014,1.422,1.445,1.452,1.422,18292,512280.SH
20221017,1.439,1.445,1.445,1.435,24115,512280.SH
20221018,1.449,1.444,1.453,1.444,14460,512280.SH
20221019,1.443,1.426,1.446,1.426,10562,512280.SH
20221020,1.421,1.418,1.435,1.407,21501,512280.SH
20221021,1.418,1.415,1.423,1.409,13452,512280.SH
20221024,1.407,1.376,1.421,1.375,9975,512280.SH
20221025,1.37,1.372,1.379,1.363,13616,512280.SH
20221026,1.379,1.382,1.395,1.379,14827,512280.SH
20221027,1.391,1.378,1.395,1.378,16149,512280.SH
20221028,1.365,1.341,1.368,1.337,17034,512280.SH
20221031,1.328,1.328,1.34,1.325,23131,512280.SH
20221101,1.351,1.374,1.374,1.334,23126,512280.SH
20221102,1.376,1.39,1.401,1.368,14709,512280.SH
20221103,1.379,1.381,1.385,1.376,31281,512280.SH
20221104,1.392,1.429,1.432,1.392,37137,512280.SH
20221107,1.428,1.429,1.434,1.419,9087,512280.SH
20221108,1.428,1.419,1.428,1.414,17633,512280.SH
20221109,1.432,1.41,1.432,1.408,8054,512280.SH
20221110,1.398,1.398,1.399,1.396,1004,512280.SH
20221111,1.411,1.431,1.443,1.411,38778,512280.SH
20221114,1.432,1.429,1.448,1.429,21065,512280.SH
20221115,1.427,1.456,1.458,1.427,18462,512280.SH
20221116,1.466,1.446,1.466,1.446,18724,512280.SH
20221117,1.437,1.438,1.439,1.426,17940,512280.SH
20221118,1.437,1.433,1.446,1.433,17625,512280.SH
20221121,1.432,1.422,1.432,1.411,7124,512280.SH
20221122,1.422,1.418,1.436,1.418,6718,512280.SH
20221123,1.422,1.422,1.428,1.417,51895,512280.SH
20221124,1.427,1.419,1.427,1.419,5835,512280.SH
20221125,1.421,1.424,1.425,1.412,22000,512280.SH
20221128,1.41,1.41,1.41,1.39,18438,512280.SH
20221129,1.418,1.446,1.45,1.418,22747,512280.SH
20221130,1.445,1.445,1.453,1.442,2655,512280.SH
20221201,1.459,1.464,1.478,1.459,5636,512280.SH
20221202,1.463,1.456,1.463,1.456,10927,512280.SH
20221205,1.46,1.478,1.478,1.46,5160,512280.SH
20221206,1.469,1.481,1.489,1.469,23998,512280.SH
20221207,1.481,1.476,1.491,1.476,8389,512280.SH
20221208,1.475,1.483,1.484,1.475,1849,512280.SH
20221209,1.478,1.492,1.493,1.478,11122,512280.SH
20221212,1.486,1.478,1.486,1.477,17245,512280.SH
20221213,1.478,1.477,1.478,1.474,4393,512280.SH
20221214,1.475,1.478,1.484,1.473,7492,512280.SH
20221215,1.479,1.474,1.479,1.467,3123,512280.SH
20221216,1.472,1.476,1.48,1.471,15002,512280.SH
20221219,1.477,1.452,1.477,1.449,27337,512280.SH
20221220,1.447,1.431,1.447,1.425,15448,512280.SH
20221221,1.435,1.43,1.438,1.428,9340,512280.SH
20221222,1.436,1.428,1.445,1.422,16548,512280.SH
20221223,1.421,1.425,1.431,1.421,5092,512280.SH
20221226,1.42,1.432,1.435,1.42,11529,512280.SH
20221227,1.436,1.449,1.45,1.436,15879,512280.SH
20221228,1.442,1.445,1.452,1.442,8041,512280.SH
20221229,1.45,1.441,1.45,1.435,9791,512280.SH
20221230,1.449,1.447,1.45,1.447,2982,512280.SH
20230103,1.437,1.453,1.453,1.433,155,512280.SH
20230104,1.454,1.452,1.456,1.446,4071,512280.SH
20230105,1.459,1.477,1.48,1.459,678,512280.SH
20230106,1.478,1.482,1.489,1.478,9400,512280.SH
20230109,1.49,1.495,1.499,1.49,26313,512280.SH
20230110,1.494,1.496,1.499,1.491,9891,512280.SH
20230111,1.496,1.493,1.504,1.492,11210,512280.SH
20230112,1.499,1.494,1.499,1.49,22991,512280.SH
20230113,1.5,1.512,1.512,1.5,11136,512280.SH
20230116,1.516,1.532,1.545,1.516,20100,512280.SH
20230117,1.534,1.53,1.536,1.526,21484,512280.SH
20230118,1.535,1.53,1.538,1.529,12675,512280.SH
20230119,1.527,1.537,1.539,1.527,29020,512280.SH
20230120,1.541,1.546,1.55,1.541,8570,512280.SH
20230130,1.555,1.554,1.573,1.554,19509,512280.SH
20230131,1.56,1.543,1.56,1.543,19365,512280.SH
20230201,1.547,1.556,1.556,1.538,16042,512280.SH
20230202,1.558,1.553,1.558,1.55,20022,512280.SH
20230203,1.55,1.542,1.55,1.527,14735,512280.SH
20230206,1.53,1.522,1.53,1.517,6559,512280.SH
20230207,1.526,1.525,1.529,1.521,20755,512280.SH
20230208,1.528,1.52,1.528,1.519,16522,512280.SH
20230209,1.525,1.536,1.536,1.521,6805,512280.SH
20230210,1.537,1.531,1.537,1.526,18920,512280.SH
20230213,1.535,1.542,1.543,1.532,8282,512280.SH
20230214,1.542,1.543,1.545,1.538,9723,512280.SH
20230215,1.543,1.535,1.543,1.534,14450,512280.SH
20230216,1.542,1.524,1.551,1.518,7070,512280.SH
20230217,1.527,1.504,1.527,1.504,12851,512280.SH
20230220,1.507,1.536,1.537,1.507,29070,512280.SH
20230221,1.534,1.541,1.543,1.531,16002,512280.SH
20230222,1.533,1.53,1.538,1.527,11938,512280.SH
20230223,1.532,1.525,1.532,1.525,6421,512280.SH
20230224,1.521,1.514,1.521,1.51,10265,512280.SH
20230227,1.507,1.508,1.516,1.504,6447,512280.SH
20230228,1.513,1.518,1.518,1.503,9880,512280.SH
20230301,1.519,1.533,1.535,1.519,5148,512280.SH
20230302,1.533,1.528,1.533,1.526,151046,512280.SH
20230303,1.531,1.532,1.532,1.524,23570,512280.SH
20230306,1.527,1.525,1.527,1.517,19822,512280.SH
20230307,1.525,1.505,1.53,1.505,8183,512280.SH
20230308,1.503,1.498,1.503,1.493,35961,512280.SH
20230309,1.502,1.494,1.502,1.488,7758,512280.SH
20230310,1.489,1.476,1.489,1.476,8838,512280.SH
20230313,1.485,1.487,1.487,1.479,10470,512280.SH
20230314,1.484,1.479,1.484,1.469,4301,512280.SH
20230315,1.488,1.482,1.488,1.482,23786,512280.SH
20230316,1.473,1.462,1.474,1.461,14513,512280.SH
20230317,1.472,1.474,1.476,1.472,4161,512280.SH
20230320,1.471,1.46,1.471,1.46,11323,512280.SH
20230321,1.464,1.474,1.474,1.464,5641,512280.SH
20230322,1.48,1.479,1.486,1.478,5555,512280.SH
20230323,1.48,1.491,1.491,1.48,15179,512280.SH
20230324,1.489,1.488,1.491,1.487,15046,512280.SH
20230327,1.483,1.486,1.486,1.478,7465,512280.SH
20230328,1.489,1.484,1.489,1.482,166,512280.SH
20230329,1.484,1.483,1.484,1.482,5213,512280.SH
20230330,1.482,1.496,1.496,1.482,19104,512280.SH
20230331,1.501,1.501,1.504,1.499,9528,512280.SH
20230403,1.502,1.51,1.512,1.501,22634,512280.SH
20230404,1.509,1.512,1.512,1.506,23285,512280.SH
20230406,1.513,1.51,1.513,1.507,6039,512280.SH
20230407,1.511,1.519,1.52,1.511,6818,512280.SH
20230410,1.514,1.512,1.517,1.51,25738,512280.SH
20230411,1.512,1.509,1.514,1.505,15740,512280.SH
20230412,1.51,1.506,1.51,1.506,1639,512280.SH
20230413,1.503,1.5,1.505,1.498,24176,512280.SH
20230414,1.502,1.507,1.507,1.502,21391,512280.SH
20230417,1.511,1.524,1.524,1.511,9529,512280.SH
20230418,1.531,1.529,1.533,1.525,23517,512280.SH
20230419,1.525,1.517,1.525,1.517,8824,512280.SH
20230420,1.514,1.51,1.514,1.503,18839,512280.SH
20230421,1.503,1.48,1.503,1.48,13103,512280.SH
20230424,1.477,1.464,1.477,1.459,14133,512280.SH
20230425,1.466,1.455,1.466,1.442,15303,512280.SH
20230426,1.446,1.455,1.459,1.446,7556,512280.SH
20230427,1.459,1.467,1.472,1.457,24328,512280.SH
20230428,1.473,1.482,1.482,1.473,7026,512280.SH
20230504,1.46,1.479,1.482,1.46,5029,512280.SH
20230505,1.482,1.475,1.483,1.474,18760,512280.SH
20230508,1.462,1.49,1.49,1.462,16996,512280.SH
20230509,1.493,1.48,1.499,1.48,14112,512280.SH
20230510,1.473,1.469,1.473,1.464,9462,512280.SH
20230511,1.469,1.469,1.469,1.469,1841,512280.SH
20230512,1.463,1.449,1.463,1.449,6828,512280.SH
20230515,1.445,1.468,1.468,1.443,12157,512280.SH
20230516,1.468,1.459,1.469,1.459,16536,512280.SH
20230517,1.458,1.453,1.463,1.452,19819,512280.SH
20230518,1.459,1.456,1.463,1.456,6240,512280.SH
20230519,1.445,1.452,1.455,1.445,9788,512280.SH
20230522,1.45,1.458,1.463,1.449,6404,512280.SH
20230523,1.46,1.442,1.46,1.442,4749,512280.SH
20230524,1.432,1.423,1.436,1.423,12898,512280.SH
20230525,1.42,1.416,1.421,1.409,51167,512280.SH
20230526,1.416,1.422,1.423,1.409,29355,512280.SH
20230529,1.425,1.414,1.425,1.41,32000,512280.SH
20230530,1.412,1.414,1.414,1.399,29216,512280.SH
20230531,1.407,1.402,1.409,1.396,27577,512280.SH
20230601,1.399,1.402,1.412,1.399,33989,512280.SH
20230602,1.414,1.423,1.423,1.414,17688,512280.SH
20230605,1.425,1.417,1.425,1.413,26839,512280.SH
20230606,1.415,1.404,1.423,1.403,21064,512280.SH
20230607,1.405,1.395,1.406,1.395,15725,512280.SH
20230608,1.394,1.405,1.409,1.393,29192,512280.SH
20230609,1.407,1.411,1.411,1.405,13987,512280.SH
20230612,1.406,1.417,1.417,1.406,13900,512280.SH
20230613,1.419,1.422,1.422,1.414,20158,512280.SH
20230614,1.426,1.425,1.432,1.425,20778,512280.SH
20230615,1.427,1.445,1.445,1.427,13903,512280.SH
20230616,1.449,1.459,1.461,1.449,12890,512280.SH
20230619,1.455,1.45,1.455,1.447,14001,512280.SH
20230620,1.45,1.446,1.451,1.445,29494,512280.SH
20230621,1.442,1.427,1.444,1.427,26110,512280.SH
20230626,1.415,1.407,1.415,1.404,33563,512280.SH
20230627,1.409,1.418,1.419,1.408,17970,512280.SH
20230628,1.415,1.417,1.417,1.415,1575,512280.SH
20230629,1.417,1.413,1.418,1.41,18000,512280.SH
20230630,1.417,1.424,1.428,1.417,5173,512280.SH
20230703,1.427,1.439,1.439,1.427,9554,512280.SH
20230704,1.44,1.437,1.44,1.437,15926,512280.SH
20230705,1.439,1.43,1.439,1.43,10329,512280.SH
20230706,1.433,1.425,1.433,1.425,7598,512280.SH
20230707,1.418,1.418,1.418,1.417,4861,512280.SH
20230710,1.426,1.423,1.43,1.42,22140,512280.SH
20230711,1.429,1.431,1.433,1.426,6652,512280.SH
20230712,1.434,1.429,1.435,1.429,8028,512280.SH
20230713,1.437,1.446,1.446,1.436,24980,512280.SH
20230714,1.447,1.446,1.447,1.446,14210,512280.SH
20230717,1.436,1.433,1.436,1.432,10384,512280.SH
20230718,1.435,1.434,1.436,1.431,10811,512280.SH
20230719,1.433,1.433,1.434,1.427,9228,512280.SH
20230720,1.438,1.422,1.441,1.421,6368,512280.SH
20230721,1.422,1.423,1.426,1.419,9636,512280.SH
20230724,1.417,1.416,1.425,1.416,22231,512280.SH
20230725,1.43,1.454,1.454,1.43,23431,512280.SH
20230726,1.453,1.451,1.453,1.45,6980,512280.SH
20230727,1.455,1.451,1.462,1.448,16753,512280.SH
20230728,1.448,1.483,1.485,1.448,24773,512280.SH
20230731,1.497,1.489,1.509,1.485,40760,512280.SH
20230801,1.49,1.483,1.493,1.481,13121,512280.SH
20230802,1.482,1.47,1.482,1.47,4765,512280.SH
20230803,1.472,1.485,1.485,1.472,3011,512280.SH
20230804,1.499,1.492,1.505,1.487,29532,512280.SH
20230807,1.494,1.478,1.494,1.476,35171,512280.SH
20230808,1.472,1.48,1.48,1.472,4650,512280.SH
20230809,1.473,1.471,1.476,1.469,29165,512280.SH
20230810,1.471,1.474,1.474,1.463,10255,512280.SH
20230811,1.469,1.444,1.469,1.444,16249,512280.SH
20230814,1.44,1.434,1.443,1.423,24104,512280.SH
20230815,1.434,1.43,1.434,1.418,8189,512280.SH
20230816,1.416,1.42,1.428,1.416,5691,512280.SH
20230817,1.412,1.424,1.424,1.41,6260,512280.SH
20230818,1.426,1.406,1.428,1.406,23549,512280.SH
20230821,1.403,1.389,1.405,1.389,12476,512280.SH
20230822,1.396,1.395,1.399,1.38,16175,512280.SH
20230823,1.39,1.372,1.39,1.372,9014,512280.SH
20230824,1.378,1.383,1.39,1.376,25637,512280.SH
20230825,1.376,1.372,1.381,1.372,14608,512280.SH
20230828,1.405,1.394,1.449,1.392,12282,512280.SH
20230829,1.39,1.405,1.407,1.389,9076,512280.SH
20230830,1.405,1.406,1.413,1.405,2287,512280.SH
20230831,1.406,1.397,1.406,1.396,12174,512280.SH
20230901,1.408,1.405,1.41,1.402,2017,512280.SH
20230904,1.412,1.426,1.426,1.412,2603,512280.SH
20230905,1.421,1.415,1.421,1.415,3105,512280.SH
20230906,1.416,1.41,1.416,1.406,263,512280.SH
20230907,1.41,1.395,1.41,1.394,16926,512280.SH
20230908,1.39,1.388,1.391,1.384,9364,512280.SH
20230911,1.387,1.4,1.405,1.387,9218,512280.SH
20230912,1.396,1.396,1.397,1.396,2002,512280.SH
20230913,1.397,1.383,1.397,1.383,1550,512280.SH
20230914,1.392,1.386,1.392,1.386,102,512280.SH
20230915,1.383,1.38,1.39,1.378,6275,512280.SH
20230918,1.386,1.386,1.387,1.382,11578,512280.SH
20230919,1.381,1.384,1.384,1.379,3513,512280.SH
20230920,1.379,1.379,1.38,1.378,2069,512280.SH
20230921,1.375,1.365,1.375,1.365,4703,512280.SH
20230922,1.363,1.384,1.386,1.362,18808,512280.SH
20230925,1.381,1.38,1.381,1.378,3868,512280.SH
20230926,1.381,1.376,1.381,1.376,3138,512280.SH
20230927,1.373,1.378,1.383,1.373,7907,512280.SH
20230928,1.376,1.374,1.376,1.371,4022,512280.SH
20231009,1.375,1.367,1.375,1.359,6799,512280.SH
20231010,1.37,1.362,1.37,1.362,3396,512280.SH
20231011,1.367,1.362,1.368,1.362,3395,512280.SH
20231012,1.369,1.372,1.375,1.368,11872,512280.SH
20231013,1.361,1.36,1.361,1.356,2116,512280.SH
20231016,1.356,1.346,1.356,1.344,3483,512280.SH
20231017,1.344,1.35,1.35,1.344,8168,512280.SH
20231018,1.35,1.34,1.35,1.34,3697,512280.SH
20231019,1.335,1.311,1.335,1.311,9410,512280.SH
20231020,1.324,1.305,1.324,1.304,5914,512280.SH
20231023,1.295,1.282,1.296,1.281,5728,512280.SH
20231024,1.285,1.293,1.295,1.281,15843,512280.SH
20231025,1.305,1.303,1.308,1.303,5230,512280.SH
20231026,1.299,1.305,1.305,1.295,9308,512280.SH
20231027,1.303,1.322,1.326,1.303,14050,512280.SH
20231030,1.323,1.331,1.331,1.323,5169,512280.SH
20231031,1.327,1.329,1.329,1.322,12585,512280.SH
20231101,1.332,1.332,1.332,1.326,20336,512280.SH
20231102,1.335,1.324,1.335,1.324,3219,512280.SH
20231103,1.326,1.331,1.334,1.326,18214,512280.SH
20231106,1.342,1.348,1.348,1.339,3782,512280.SH
20231107,1.344,1.346,1.348,1.338,5032,512280.SH
20231108,1.343,1.343,1.347,1.34,13722,512280.SH
20231109,1.346,1.345,1.346,1.343,5676,512280.SH
20231110,1.336,1.336,1.337,1.332,3429,512280.SH
20231113,1.336,1.332,1.336,1.329,4015,512280.SH
20231114,1.34,1.337,1.342,1.332,32080,512280.SH
20231115,1.348,1.346,1.35,1.345,17083,512280.SH
20231116,1.343,1.335,1.343,1.333,17256,512280.SH
20231117,1.331,1.333,1.333,1.326,22799,512280.SH
20231120,1.327,1.336,1.339,1.326,40887,512280.SH
20231121,1.342,1.339,1.349,1.339,10607,512280.SH
20231122,1.343,1.327,1.343,1.327,28206,512280.SH
20231123,1.323,1.33,1.33,1.321,38730,512280.SH
20231124,1.327,1.324,1.329,1.321,26455,512280.SH
20231127,1.316,1.314,1.316,1.308,51827,512280.SH
20231128,1.312,1.318,1.318,1.311,53733,512280.SH
20231129,1.312,1.308,1.312,1.306,47185,512280.SH
20231130,1.307,1.311,1.312,1.305,57150,512280.SH
20231201,1.303,1.307,1.309,1.296,68839,512280.SH
20231204,1.303,1.301,1.307,1.301,61661,512280.SH
20231205,1.29,1.277,1.293,1.277,11302,512280.SH
20231206,1.277,1.28,1.283,1.276,43880,512280.SH
20231207,1.281,1.278,1.281,1.271,52768,512280.SH
20231208,1.278,1.282,1.285,1.277,27229,512280.SH
20231211,1.27,1.288,1.291,1.266,59045,512280.SH
20231212,1.29,1.294,1.294,1.287,51913,512280.SH
20231213,1.284,1.273,1.285,1.273,58852,512280.SH
20231214,1.277,1.266,1.278,1.266,50366,512280.SH
20231215,1.268,1.262,1.277,1.261,53919,512280.SH
20231218,1.258,1.255,1.265,1.254,45502,512280.SH
20231219,1.252,1.255,1.258,1.25,58922,512280.SH
20231220,1.256,1.245,1.256,1.244,42836,512280.SH
20231221,1.24,1.254,1.255,1.24,67238,512280.SH
20231222,1.249,1.254,1.263,1.249,40351,512280.SH
20231225,1.257,1.256,1.257,1.253,14849,512280.SH
20231226,1.256,1.25,1.256,1.248,29777,512280.SH
20231227,1.245,1.252,1.253,1.245,35189,512280.SH
20231228,1.256,1.277,1.281,1.256,34302,512280.SH
20231229,1.282,1.284,1.286,1.28,28711,512280.SH
20240102,1.279,1.274,1.28,1.274,28576,512280.SH
20240103,1.273,1.271,1.274,1.265,41978,512280.SH
20240104,1.271,1.26,1.271,1.251,45832,512280.SH
20240105,1.26,1.25,1.264,1.246,45993,512280.SH
20240108,1.248,1.234,1.248,1.233,43757,512280.SH
20240109,1.231,1.233,1.237,1.229,48240,512280.SH
20240110,1.226,1.23,1.24,1.226,46733,512280.SH
20240111,1.226,1.236,1.241,1.226,44555,512280.SH
20240112,1.235,1.236,1.242,1.235,40747,512280.SH
20240115,1.229,1.232,1.238,1.228,40475,512280.SH
20240116,1.232,1.238,1.238,1.226,48243,512280.SH
20240117,1.23,1.213,1.23,1.213,41886,512280.SH
20240118,1.201,1.22,1.22,1.188,47548,512280.SH
20240119,1.208,1.221,1.227,1.186,40264,512280.SH
20240122,1.216,1.195,1.219,1.188,40613,512280.SH
20240123,1.184,1.204,1.206,1.184,38140,512280.SH
20240124,1.206,1.216,1.216,1.192,46619,512280.SH
20240125,1.222,1.238,1.243,1.217,37801,512280.SH
20240126,1.245,1.239,1.245,1.236,38774,512280.SH
20240129,1.238,1.235,1.243,1.227,38295,512280.SH
20240130,1.223,1.206,1.223,1.206,42645,512280.SH
20240131,1.202,1.196,1.202,1.19,39664,512280.SH
20240201,1.197,1.189,1.198,1.18,37905,512280.SH
20240202,1.188,1.184,1.192,1.159,45304,512280.SH
20240205,1.178,1.178,1.184,1.147,36640,512280.SH
20240206,1.182,1.222,1.222,1.181,40253,512280.SH
20240207,1.251,1.243,1.251,1.224,42747,512280.SH
20240208,1.253,1.253,1.256,1.246,22879,512280.SH
20240219,1.257,1.267,1.267,1.255,105029,512280.SH
20240220,1.262,1.268,1.269,1.258,59584,512280.SH
20240221,1.263,1.286,1.297,1.263,60165,512280.SH
20240222,1.281,1.292,1.292,1.279,56166,512280.SH
20240223,1.292,1.295,1.298,1.288,54716,512280.SH
20240226,1.295,1.283,1.295,1.282,43541,512280.SH
20240227,1.281,1.294,1.295,1.281,51668,512280.SH
20240228,1.3,1.29,1.31,1.29,60853,512280.SH
20240229,1.29,1.305,1.305,1.288,84323,512280.SH
20240301,1.309,1.314,1.317,1.304,67228,512280.SH
20240304,1.317,1.315,1.317,1.311,53940,512280.SH
20240305,1.316,1.328,1.328,1.314,85778,512280.SH
20240306,1.32,1.321,1.327,1.317,70587,512280.SH
20240307,1.322,1.312,1.326,1.312,62378,512280.SH
20240308,1.315,1.316,1.319,1.306,52839,512280.SH
20240311,1.324,1.335,1.335,1.317,42425,512280.SH
20240312,1.338,1.337,1.348,1.331,45008,512280.SH
20240313,1.335,1.33,1.336,1.324,31383,512280.SH
20240314,1.334,1.327,1.337,1.321,44161,512280.SH
20240315,1.321,1.331,1.331,1.317,30764,512280.SH
20240318,1.336,1.343,1.343,1.333,29255,512280.SH
20240319,1.343,1.336,1.347,1.336,52192,512280.SH
20240320,1.335,1.337,1.355,1.333,41056,512280.SH
20240321,1.341,1.338,1.342,1.336,38611,512280.SH
20240322,1.332,1.324,1.332,1.312,53015,512280.SH
20240325,1.318,1.315,1.328,1.314,58052,512280.SH
20240326,1.319,1.32,1.32,1.312,54917,512280.SH
20240327,1.314,1.306,1.316,1.305,58251,512280.SH
20240328,1.303,1.309,1.318,1.298,55110,512280.SH
20240329,1.314,1.316,1.316,1.308,35306,512280.SH
20240401,1.329,1.336,1.338,1.329,31518,512280.SH
20240402,1.338,1.332,1.338,1.328,22717,512280.SH
20240403,1.33,1.33,1.331,1.325,22916,512280.SH
20240408,1.317,1.316,1.326,1.316,30436,512280.SH
20240409,1.317,1.315,1.317,1.311,25467,512280.SH
20240410,1.311,1.305,1.312,1.301,23261,512280.SH
20240411,1.302,1.307,1.313,1.3,30717,512280.SH
20240412,1.306,1.298,1.308,1.297,45714,512280.SH
20240415,1.31,1.322,1.325,1.299,30529,512280.SH
20240416,1.319,1.308,1.322,1.308,34456,512280.SH
20240417,1.308,1.327,1.327,1.308,31469,512280.SH
20240418,1.324,1.33,1.342,1.324,34775,512280.SH
20240419,1.327,1.322,1.328,1.316,39886,512280.SH
20240422,1.32,1.313,1.325,1.313,31994,512280.SH
20240423,1.315,1.305,1.315,1.305,42696,512280.SH
20240424,1.304,1.312,1.313,1.303,28092,512280.SH
20240425,1.309,1.315,1.318,1.307,26561,512280.SH
20240426,1.325,1.334,1.336,1.32,24415,512280.SH
20240429,1.339,1.349,1.36,1.335,32770,512280.SH
20240430,1.353,1.345,1.356,1.345,41330,512280.SH
20240506,1.352,1.363,1.368,1.352,27347,512280.SH
20240507,1.363,1.364,1.367,1.362,37091,512280.SH
20240508,1.365,1.353,1.365,1.352,35869,512280.SH
20240509,1.356,1.365,1.366,1.356,35139,512280.SH
20240510,1.365,1.367,1.368,1.358,22256,512280.SH
20240513,1.368,1.364,1.368,1.357,22649,512280.SH
20240514,1.366,1.363,1.369,1.359,34392,512280.SH
20240515,1.359,1.351,1.36,1.351,42586,512280.SH
20240516,1.355,1.354,1.359,1.353,29649,512280.SH
20240517,1.355,1.369,1.369,1.352,36232,512280.SH
20240520,1.369,1.375,1.378,1.369,21676,512280.SH
20240521,1.373,1.368,1.373,1.368,6927,512280.SH
20240522,1.369,1.371,1.372,1.369,498,512280.SH
20240523,1.364,1.355,1.364,1.355,2246,512280.SH
20240524,1.356,1.342,1.356,1.34,3355,512280.SH
20240527,1.345,1.354,1.354,1.341,3321,512280.SH
20240528,1.351,1.344,1.351,1.344,13820,512280.SH
20240529,1.349,1.344,1.351,1.344,5797,512280.SH
20240530,1.345,1.338,1.349,1.338,5790,512280.SH
20240531,1.345,1.337,1.345,1.337,8242,512280.SH
20240603,1.329,1.335,1.339,1.329,18618,512280.SH
20240604,1.336,1.349,1.349,1.336,15481,512280.SH
20240605,1.346,1.338,1.348,1.338,9095,512280.SH
20240606,1.346,1.338,1.348,1.338,11037,512280.SH
20240607,1.34,1.331,1.341,1.325,9187,512280.SH
20240611,1.321,1.321,1.321,1.314,27817,512280.SH
20240612,1.324,1.324,1.324,1.319,9858,512280.SH
20240613,1.325,1.316,1.325,1.316,2614,512280.SH
20240614,1.315,1.316,1.317,1.313,4670,512280.SH
20240617,1.32,1.321,1.321,1.319,3602,512280.SH
20240618,1.325,1.325,1.327,1.321,11121,512280.SH
20240619,1.323,1.321,1.323,1.32,7268,512280.SH
20240620,1.322,1.313,1.322,1.311,10770,512280.SH
20240621,1.309,1.309,1.313,1.302,4427,512280.SH
20240624,1.301,1.301,1.307,1.299,11962,512280.SH
20240625,1.298,1.294,1.301,1.288,3182,512280.SH
20240626,1.292,1.302,1.302,1.288,11197,512280.SH
20240627,1.293,1.294,1.295,1.291,18964,512280.SH
20240628,1.298,1.293,1.301,1.293,10114,512280.SH
20240701,1.297,1.302,1.305,1.294,7533,512280.SH
20240702,1.303,1.299,1.303,1.298,3691,512280.SH
20240703,1.294,1.294,1.295,1.293,8537,512280.SH
20240704,1.302,1.288,1.302,1.287,13498,512280.SH
20240705,1.281,1.285,1.285,1.273,16848,512280.SH
20240708,1.281,1.272,1.281,1.271,12202,512280.SH
20240709,1.274,1.286,1.29,1.267,14249,512280.SH
20240710,1.288,1.283,1.289,1.283,8792,512280.SH
20240711,1.289,1.3,1.301,1.289,8501,512280.SH
20240712,1.3,1.3,1.302,1.298,4037,512280.SH
20240715,1.297,1.301,1.303,1.297,13120,512280.SH
20240716,1.302,1.307,1.309,1.301,8631,512280.SH
20240717,1.308,1.311,1.314,1.305,15708,512280.SH
20240718,1.304,1.319,1.319,1.301,14356,512280.SH
20240719,1.307,1.322,1.322,1.307,14620,512280.SH
20240722,1.319,1.314,1.319,1.308,8373,512280.SH
20240723,1.31,1.286,1.31,1.286,10764,512280.SH
20240724,1.287,1.276,1.287,1.275,15442,512280.SH
20240725,1.273,1.271,1.276,1.268,18039,512280.SH
20240726,1.276,1.274,1.281,1.27,27593,512280.SH
20240729,1.27,1.27,1.277,1.269,23968,512280.SH
20240730,1.264,1.261,1.264,1.257,21213,512280.SH
20240731,1.265,1.291,1.293,1.265,32412,512280.SH
20240801,1.294,1.284,1.294,1.283,21630,512280.SH
20240802,1.286,1.27,1.286,1.269,21706,512280.SH
20240805,1.272,1.256,1.279,1.256,32412,512280.SH
20240806,1.264,1.256,1.265,1.248,29790,512280.SH
20240807,1.257,1.256,1.262,1.249,7832,512280.SH
20240808,1.251,1.258,1.266,1.25,14234,512280.SH
20240809,1.266,1.255,1.266,1.255,10026,512280.SH
20240812,1.255,1.253,1.257,1.252,13633,512280.SH
20240813,1.251,1.254,1.254,1.247,9518,512280.SH
20240814,1.251,1.245,1.251,1.245,14781,512280.SH
20240815,1.247,1.257,1.263,1.247,18359,512280.SH
20240816,1.257,1.255,1.259,1.255,21522,512280.SH
20240819,1.263,1.263,1.27,1.262,11729,512280.SH
20240820,1.261,1.247,1.261,1.247,10574,512280.SH
20240821,1.244,1.247,1.248,1.244,5519,512280.SH
20240822,1.245,1.243,1.245,1.241,7742,512280.SH
20240823,1.243,1.247,1.248,1.242,7113,512280.SH
20240826,1.242,1.246,1.246,1.242,1147,512280.SH
20240827,1.238,1.238,1.238,1.237,2344,512280.SH
20240828,1.235,1.231,1.235,1.228,11463,512280.SH
20240829,1.226,1.23,1.232,1.226,8325,512280.SH
20240830,1.234,1.247,1.258,1.234,8193,512280.SH
20240902,1.245,1.228,1.245,1.228,4104,512280.SH
20240903,1.227,1.229,1.24,1.227,4032,512280.SH
20240904,1.223,1.224,1.226,1.223,208,512280.SH
20240905,1.223,1.225,1.225,1.222,3665,512280.SH
20240906,1.213,1.215,1.231,1.189,2900,512280.SH
20240909,1.203,1.201,1.21,1.199,7242,512280.SH
20240910,1.199,1.199,1.199,1.195,93,512280.SH
20240911,1.197,1.198,1.201,1.194,13770,512280.SH
20240912,1.2,1.194,1.202,1.194,2129,512280.SH
20240913,1.193,1.189,1.197,1.188,10918,512280.SH
20240918,1.191,1.186,1.191,1.184,4721,512280.SH
20240919,1.186,1.201,1.208,1.184,13021,512280.SH
20240920,1.2,1.204,1.204,1.193,18631,512280.SH
20240923,1.208,1.206,1.212,1.205,10740,512280.SH
20240924,1.218,1.254,1.254,1.212,36336,512280.SH
20240925,1.259,1.277,1.299,1.259,33970,512280.SH
20240926,1.289,1.33,1.33,1.271,35760,512280.SH
20240927,1.335,1.366,1.366,1.335,4614,512280.SH
20240930,1.378,1.49,1.503,1.374,54610,512280.SH
20241008,1.616,1.576,1.639,1.521,22071,512280.SH
20241009,1.572,1.475,1.572,1.423,50245,512280.SH
20241010,1.456,1.485,1.518,1.44,43812,512280.SH
20241011,1.475,1.445,1.48,1.431,33403,512280.SH
20241014,1.449,1.466,1.475,1.435,44457,512280.SH
20241015,1.458,1.434,1.47,1.434,8188,512280.SH
20241016,1.429,1.424,1.44,1.415,10648,512280.SH
20241017,1.424,1.408,1.438,1.406,10973,512280.SH
20241018,1.41,1.459,1.478,1.405,43461,512280.SH
20241021,1.459,1.458,1.471,1.448,21366,512280.SH
20241022,1.459,1.471,1.473,1.459,18522,512280.SH
20241023,1.468,1.475,1.489,1.465,14178,512280.SH
20241024,1.461,1.46,1.468,1.456,5380,512280.SH
20241025,1.461,1.469,1.478,1.46,17721,512280.SH
20241028,1.465,1.475,1.475,1.46,24692,512280.SH
20241029,1.475,1.461,1.485,1.461,10890,512280.SH
20241030,1.462,1.455,1.466,1.447,7618,512280.SH
20241031,1.455,1.454,1.465,1.445,25887,512280.SH
20241101,1.453,1.458,1.471,1.451,20897,512280.SH
20241104,1.458,1.473,1.473,1.455,11100,512280.SH
20241105,1.475,1.511,1.511,1.468,47286,512280.SH
20241106,1.511,1.506,1.526,1.5,18687,512280.SH
20241107,1.491,1.547,1.547,1.491,8086,512280.SH
20241108,1.554,1.536,1.562,1.532,8078,512280.SH
20241111,1.531,1.537,1.537,1.514,6702,512280.SH
20241112,1.546,1.525,1.559,1.518,8953,512280.SH
20241113,1.524,1.532,1.536,1.516,2528,512280.SH
20241114,1.531,1.509,1.533,1.509,8212,512280.SH
20241115,1.51,1.487,1.51,1.486,10920,512280.SH
20241118,1.488,1.474,1.501,1.471,15054,512280.SH
20241119,1.486,1.48,1.486,1.455,25869,512280.SH
20241120,1.476,1.488,1.492,1.476,4352,512280.SH
20241121,1.489,1.487,1.489,1.48,21324,512280.SH
20241122,1.488,1.446,1.488,1.445,9696,512280.SH
20241125,1.448,1.434,1.45,1.424,14256,512280.SH
20241126,1.429,1.433,1.443,1.429,651,512280.SH
20241127,1.433,1.454,1.454,1.426,16941,512280.SH
20241128,1.454,1.443,1.456,1.442,4448,512280.SH
20241129,1.448,1.458,1.473,1.447,24326,512280.SH
20241202,1.458,1.473,1.475,1.457,12957,512280.SH
20241203,1.474,1.476,1.485,1.467,8693,512280.SH
20241204,1.478,1.464,1.478,1.464,11312,512280.SH
20241205,1.464,1.466,1.468,1.461,5557,512280.SH
20241206,1.47,1.485,1.49,1.468,13284,512280.SH
20241209,1.481,1.482,1.49,1.476,5710,512280.SH
20241210,1.496,1.493,1.522,1.49,9068,512280.SH
20241211,1.492,1.493,1.496,1.489,5764,512280.SH
20241212,1.491,1.507,1.507,1.491,6548,512280.SH
20241213,1.496,1.473,1.496,1.473,3715,512280.SH
20241216,1.473,1.465,1.473,1.462,7265,512280.SH
20241217,1.465,1.466,1.478,1.465,10619,512280.SH
