date,close,open,high,low,volume,symbol
20241225,6908.9509,6897.6994,6936.073,6882.8655,64636181.0,931586.CSI
20241224,6893.0194,6803.4526,6897.6079,6803.4526,61877237.28,931586.CSI
20241223,6805.0742,6773.8176,6850.8711,6773.8176,74435375.83,931586.CSI
20241220,6768.0344,6812.183,6820.6212,6765.6944,56944815.25,931586.CSI
20241219,6826.716,6780.843,6838.8972,6757.443,59755531.67,931586.CSI
20241218,6822.4729,6805.6469,6855.2883,6805.6469,63304005.63,931586.CSI
20241217,6786.0511,6750.2458,6842.8824,6750.2458,61118557.74,931586.CSI
20241216,6752.0679,6770.6315,6798.4105,6738.4343,65766432.85,931586.CSI
20241213,6770.4858,6888.0258,6888.0258,6767.6102,89210680.59,931586.CSI
20241212,6932.047,6855.6404,6936.3675,6843.3118,64406170.25,931586.CSI
20241211,6858.4973,6863.7557,6895.7698,6843.2709,63999804.03,931586.CSI
20241210,6870.6374,7029.4531,7042.9788,6859.9077,101338888.41,931586.CSI
20241209,6815.1394,6807.3929,6862.3792,6786.1697,67181774.1,931586.CSI
20241206,6811.5767,6721.1108,6847.8247,6721.1108,70859753.61,931586.CSI
20241205,6717.6174,6722.6727,6744.8238,6701.8959,50533048.87,931586.CSI
20241204,6744.9859,6756.741,6772.6685,6722.7394,65209449.04,931586.CSI
20241203,6773.8434,6744.64,6787.1829,6715.4125,65092186.71,931586.CSI
20241202,6747.9395,6695.2804,6759.7635,6680.0177,70171608.64,931586.CSI
20241129,6707.2535,6643.3033,6786.8112,6643.3033,72026262.95,931586.CSI
20241128,6645.7332,6706.4139,6706.4139,6633.575,52021847.93,931586.CSI
20241127,6705.9606,6593.9232,6705.9606,6578.9097,64275904.05,931586.CSI
20241126,6609.9651,6586.0337,6656.748,6582.303,55205372.85,931586.CSI
20241125,6597.9389,6645.7339,6678.1513,6553.5009,66634078.28,931586.CSI
20241122,6629.0935,6819.7059,6830.9441,6629.0935,75738012.41,931586.CSI
20241121,6828.4427,6827.039,6839.2836,6794.5071,60322350.28,931586.CSI
20241120,6836.1585,6812.8433,6855.2381,6796.5324,66919908.16,931586.CSI
20241119,6827.7184,6825.2783,6839.4412,6723.6796,98521804.31,931586.CSI
20241118,6825.664,6850.9246,6957.4974,6793.1821,127169958.05,931586.CSI
20241115,6819.9107,6893.1074,6940.2751,6819.9107,101103257.03,931586.CSI
20241114,6915.2674,6988.7167,7028.1925,6908.1036,88546857.43,931586.CSI
20241113,7000.8611,6914.5197,7026.226,6914.5197,95384436.27,931586.CSI
20241112,6954.6469,7014.3564,7120.1604,6919.6869,106541931.98,931586.CSI
20241111,7011.7779,6950.0552,7014.4873,6890.3227,101838738.6,931586.CSI
20241108,7026.9782,7192.6296,7204.629,7008.8638,119566205.57,931586.CSI
20241107,7118.711,6836.0592,7118.711,6832.0608,128672474.03,931586.CSI
20241106,6896.2768,6962.6333,7013.9952,6863.4091,113563557.86,931586.CSI
20241105,6961.6987,6807.8173,6967.9326,6779.0316,109197427.13,931586.CSI
20241104,6821.4476,6755.4806,6821.4476,6729.1955,80262378.89,931586.CSI
20241101,6739.8661,6700.0857,6801.4155,6699.448,110796520.42,931586.CSI
20241031,6711.0945,6728.7275,6770.5793,6652.6693,112044500.09,931586.CSI
20241030,6732.1835,6759.6202,6803.7825,6699.0565,86569930.97,931586.CSI
20241029,6791.1505,6863.4674,6905.675,6784.3463,81988021.7,931586.CSI
20241028,6850.6159,6837.5934,6850.6384,6776.4642,84816622.65,931586.CSI
20241025,6849.6608,6819.249,6905.0012,6806.1631,80601935.01,931586.CSI
20241024,6818.314,6854.3387,6863.9958,6791.566,70762994.49,931586.CSI
20241023,6889.1151,6846.6678,6943.17,6826.8745,97935804.08,931586.CSI
20241022,6846.9402,6780.9486,6853.5689,6776.0757,89407254.88,931586.CSI
20241021,6797.2054,6811.9791,6837.0231,6733.5517,119696256.38,931586.CSI
20241018,6785.6499,6587.2612,6900.7718,6550.7916,126897570.39,931586.CSI
20241017,6600.1952,6732.8424,6771.8595,6598.4246,81407044.33,931586.CSI
20241016,6707.2742,6664.6373,6776.8476,6655.6946,91759614.29,931586.CSI
20241015,6730.1417,6874.8517,6909.4724,6730.1417,93121689.4,931586.CSI
20241014,6904.4575,6826.8056,6942.1131,6772.349,124162107.42,931586.CSI
20241011,6778.6982,6904.119,6925.742,6709.9354,114949475.15,931586.CSI
20241010,6948.8655,6850.7948,7101.9416,6786.7212,176764402.19,931586.CSI
20241009,6823.9457,7228.059,7231.4694,6817.3299,211512177.41,931586.CSI
20241008,7362.1261,7741.2235,7741.2235,7107.7505,249394678.34,931586.CSI
20240930,7014.4544,6739.5845,7056.927,6662.9929,221559278.87,931586.CSI
20240927,6509.9177,6402.8897,6520.0194,6341.3269,122667561.61,931586.CSI
20240926,6272.2012,6002.6727,6272.2012,5996.2986,105211337.63,931586.CSI
20240925,6007.2758,6007.66,6118.0648,5995.3949,103404769.52,931586.CSI
20240924,5908.97,5724.8563,5909.3337,5685.8733,88307522.24,931586.CSI
20240923,5667.7969,5639.5777,5696.2526,5635.1389,39887895.04,931586.CSI
20240920,5637.4016,5613.771,5649.623,5589.4253,51487181.71,931586.CSI
20240919,5618.4628,5582.0677,5646.9712,5544.3076,53675254.27,931586.CSI
20240918,5577.3538,5543.4763,5592.917,5532.0011,36979175.23,931586.CSI
20240913,5543.3435,5558.6342,5591.9039,5543.3435,38280390.66,931586.CSI
20240912,5558.1038,5588.8452,5603.1277,5555.9861,40226916.0,931586.CSI
20240911,5585.5553,5603.6355,5610.1731,5568.8356,46197865.67,931586.CSI
20240910,5618.3862,5612.9272,5633.7077,5587.078,41344361.53,931586.CSI
20240909,5614.7748,5667.7794,5677.2385,5596.1356,48868698.53,931586.CSI
20240906,5693.593,5737.8901,5764.2806,5692.3946,36259590.61,931586.CSI
20240905,5731.3582,5729.4606,5748.9107,5712.2208,42373063.5,931586.CSI
20240904,5729.3357,5739.5784,5764.5142,5724.7651,47231340.1,931586.CSI
20240903,5767.8668,5752.4132,5780.8684,5749.0209,54654500.52,931586.CSI
20240902,5761.028,5803.2026,5816.5375,5759.5066,59202450.33,931586.CSI
20240830,5828.0696,5752.2193,5880.6637,5752.2193,82170345.16,931586.CSI
20240829,5755.8051,5772.0171,5788.4106,5750.5506,56125257.33,931586.CSI
20240828,5782.9446,5817.4324,5825.5845,5764.5674,39068456.77,931586.CSI
20240827,5829.7202,5842.3636,5853.2622,5818.8702,40838056.18,931586.CSI
20240826,5852.6232,5867.4169,5874.9112,5826.897,39513891.96,931586.CSI
20240823,5861.6342,5809.5032,5874.984,5807.5866,37955116.7,931586.CSI
20240822,5818.4441,5814.2916,5833.3957,5795.9317,41850914.04,931586.CSI
20240821,5810.8561,5810.3058,5838.6751,5779.086,37384726.92,931586.CSI
20240820,5824.4574,5860.431,5861.1401,5804.2332,41757749.97,931586.CSI
20240819,5851.5105,5824.8474,5885.5241,5824.1475,43444178.04,931586.CSI
20240816,5824.0941,5804.4163,5838.439,5796.5271,41667696.26,931586.CSI
20240815,5803.4447,5731.1677,5821.5143,5722.5837,42122353.1,931586.CSI
20240814,5741.855,5775.1161,5775.3986,5741.5665,29898230.27,931586.CSI
20240813,5781.7692,5777.4366,5786.1317,5746.9633,33618709.82,931586.CSI
20240812,5774.1973,5770.8406,5794.4919,5765.2392,32058395.09,931586.CSI
20240809,5776.9192,5813.412,5829.4836,5776.9192,38462661.79,931586.CSI
20240808,5792.4628,5766.3213,5820.6401,5754.5069,35842605.57,931586.CSI
20240807,5777.6153,5768.8033,5811.584,5753.0236,36307992.64,931586.CSI
20240806,5773.5803,5832.6806,5848.2732,5738.4518,47409615.6,931586.CSI
20240805,5796.3344,5818.8286,5893.7119,5796.3344,57754555.76,931586.CSI
20240802,5853.8934,5860.519,5902.9007,5849.7992,43761442.8,931586.CSI
20240801,5898.507,5929.4894,5936.1979,5898.507,54573647.83,931586.CSI
20240731,5932.3242,5824.8446,5939.7207,5824.8446,70147897.19,931586.CSI
20240730,5833.1427,5857.8025,5859.2342,5804.4852,42504849.0,931586.CSI
20240729,5876.4454,5884.2672,5895.662,5855.2207,43885758.12,931586.CSI
20240726,5891.5906,5896.8655,5913.6583,5851.4342,54953262.0,931586.CSI
20240725,5882.2169,5895.6799,5911.2081,5848.862,55295004.16,931586.CSI
20240724,5911.4318,5930.0033,5958.5929,5888.8835,57033061.07,931586.CSI
20240723,5940.9487,6036.8878,6039.6561,5940.9487,56523368.16,931586.CSI
20240722,6045.3643,6093.898,6097.1282,6009.2555,57913768.91,931586.CSI
20240719,6096.7165,6044.0537,6107.4769,6024.6039,56316018.55,931586.CSI
20240718,6079.3444,6019.2752,6083.0281,6009.3506,50812282.89,931586.CSI
20240717,6044.1324,6025.7786,6061.1013,6010.4799,52266453.24,931586.CSI
20240716,6034.5597,6000.2686,6038.9383,5989.6374,51851189.45,931586.CSI
20240715,6018.7643,5996.4824,6028.3821,5994.4113,55096709.72,931586.CSI
20240712,6015.2387,5984.8888,6025.8639,5982.3469,53992124.72,931586.CSI
20240711,5997.8816,5976.402,6007.3234,5955.8589,58272628.53,931586.CSI
20240710,5953.4429,5961.2398,5988.6093,5946.3746,51419975.56,931586.CSI
20240709,5979.6754,5911.0035,5994.0523,5890.9875,55301768.74,931586.CSI
20240708,5922.652,5939.2085,5960.7725,5913.9401,48938343.8,931586.CSI
20240705,5961.7412,6000.3434,6016.3904,5914.5284,52247975.86,931586.CSI
20240704,6001.6292,6026.1379,6055.1296,5998.7954,44101698.2,931586.CSI
20240703,6018.159,6032.4086,6044.984,6005.3851,44981498.0,931586.CSI
20240702,6031.3388,6017.7929,6051.0462,6014.7483,53125051.97,931586.CSI
20240701,6025.8547,6002.4717,6028.8373,5981.0527,51747701.61,931586.CSI
20240628,6008.5424,5965.2208,6041.97,5965.2208,60389919.53,931586.CSI
20240627,5982.6496,5989.2037,6003.9695,5969.1895,51400558.42,931586.CSI
20240626,6006.7957,5968.678,6019.6446,5958.9339,41875046.58,931586.CSI
20240625,5983.7707,5989.9449,6018.3401,5955.4465,49736993.87,931586.CSI
20240624,5990.2201,5967.2264,6034.182,5963.4992,48662672.51,931586.CSI
20240621,6006.5663,6007.6498,6024.4923,5970.7496,47254138.1,931586.CSI
20240620,6013.5045,6043.833,6060.5468,6006.0335,44182809.14,931586.CSI
20240619,6047.3429,6050.0578,6061.8811,6025.96,41823978.0,931586.CSI
20240618,6057.6086,6033.1662,6062.0414,6027.4214,48592536.02,931586.CSI
20240617,6037.7946,6019.9725,6049.5658,6018.6344,54880839.77,931586.CSI
20240614,6055.8088,5996.4324,6066.4073,5980.9257,63415048.85,931586.CSI
20240613,6018.5116,6068.0698,6073.6109,6008.8135,48949151.42,931586.CSI
20240612,6064.0663,6065.1239,6080.4702,6039.1139,52128008.43,931586.CSI
20240611,6067.771,6115.3297,6128.1024,6046.6564,57195171.31,931586.CSI
20240607,6148.2853,6180.645,6188.048,6111.4039,54300965.41,931586.CSI
20240606,6176.3854,6182.2794,6230.7223,6163.4899,57116015.25,931586.CSI
20240605,6170.7981,6203.2458,6221.1046,6169.4444,46268249.82,931586.CSI
20240604,6206.0031,6148.4512,6216.4959,6142.7606,50830176.78,931586.CSI
20240603,6156.6519,6136.3646,6178.2695,6120.0446,58699764.01,931586.CSI
20240531,6140.3199,6185.1244,6202.4342,6140.3199,43347811.29,931586.CSI
20240530,6172.9917,6206.1922,6237.6929,6159.217,49991805.7,931586.CSI
20240529,6211.3053,6194.1023,6245.6851,6193.842,46998697.88,931586.CSI
20240528,6193.8598,6235.3363,6247.3903,6188.2719,51118158.82,931586.CSI
20240527,6237.9551,6185.8523,6243.4434,6185.8523,53507236.22,931586.CSI
20240524,6177.594,6211.3378,6244.408,6175.6995,51171455.33,931586.CSI
20240523,6230.4542,6273.9755,6273.9755,6214.595,59541943.12,931586.CSI
20240522,6297.0487,6284.3786,6312.4858,6269.6066,64883003.6,931586.CSI
20240521,6285.0826,6289.1661,6300.7121,6264.9888,55461010.23,931586.CSI
20240520,6300.7615,6305.6093,6333.7113,6279.0725,77267822.88,931586.CSI
20240517,6291.2584,6226.8166,6291.2584,6204.4343,71196639.95,931586.CSI
20240516,6224.1401,6213.1028,6251.1969,6199.5074,66311650.25,931586.CSI
20240515,6201.6624,6239.4739,6254.9289,6196.8847,45698805.02,931586.CSI
20240514,6249.5988,6261.8887,6272.042,6229.7937,51774957.25,931586.CSI
20240513,6256.6633,6203.952,6273.4255,6186.2077,63116850.46,931586.CSI
20240510,6234.9123,6224.9069,6243.8668,6190.181,60736531.13,931586.CSI
20240509,6216.5416,6165.6325,6227.8881,6165.6325,55099119.0,931586.CSI
20240508,6167.2883,6205.4559,6205.8778,6163.6445,50986494.67,931586.CSI
20240507,6216.7814,6213.3008,6227.3665,6198.181,61734092.7,931586.CSI
20240506,6214.5545,6197.672,6221.4783,6182.0735,86610305.64,931586.CSI
20240430,6110.4298,6129.3152,6157.0751,6110.4298,79535369.29,931586.CSI
20240429,6135.6375,6073.0557,6171.9973,6057.4552,88074395.62,931586.CSI
20240426,6080.3053,6024.3812,6089.1357,6018.3189,78161158.45,931586.CSI
20240425,6026.7216,5988.9699,6044.8438,5977.6587,45184445.8,931586.CSI
20240424,5997.671,5990.7182,6003.514,5953.3616,47201422.29,931586.CSI
20240423,5977.3422,6023.4133,6034.2969,5969.3107,58619601.36,931586.CSI
20240422,6033.0721,6050.9118,6096.9468,6029.1247,62649551.37,931586.CSI
20240419,6040.8086,6036.4842,6068.2011,6021.7391,60443973.28,931586.CSI
20240418,6063.1984,6016.5064,6114.384,6012.824,75035914.51,931586.CSI
20240417,6039.7111,5944.782,6041.4895,5924.3458,71127297.4,931586.CSI
20240416,5956.8611,5975.8394,6008.7371,5927.8171,76377247.3,931586.CSI
20240415,6002.4305,5873.0178,6007.227,5873.0178,76870542.27,931586.CSI
20240412,5869.3704,5911.1043,5931.1948,5859.1357,49984620.03,931586.CSI
20240411,5914.6605,5882.9947,5936.6093,5869.8446,45980564.74,931586.CSI
20240410,5918.5583,5952.5166,5964.0665,5894.68,51706973.41,931586.CSI
20240409,5956.9431,5976.8441,5990.6389,5941.4017,53610522.23,931586.CSI
20240408,5979.1876,5997.6533,6027.0378,5968.8049,62716304.19,931586.CSI
20240403,6016.6809,6019.3332,6030.7845,5989.239,54273373.82,931586.CSI
20240402,6018.832,6024.4312,6040.8891,6000.902,55234114.99,931586.CSI
20240401,6028.1032,5966.8213,6045.1657,5966.6503,61549565.45,931586.CSI
20240329,5941.504,5901.5203,5941.8823,5899.9853,47478162.63,931586.CSI
20240328,5912.7887,5890.0727,5959.5276,5864.4114,52835697.6,931586.CSI
20240327,5897.5935,5937.0853,5957.363,5897.5935,49047584.58,931586.CSI
20240326,5948.0834,5897.1471,5952.9169,5897.1471,46493688.18,931586.CSI
20240325,5894.2473,5900.176,5947.2808,5887.7527,49959619.53,931586.CSI
20240322,5917.9046,5955.933,5959.2469,5878.5728,52140158.96,931586.CSI
20240321,5968.7814,5985.1333,5993.1101,5958.7043,45287154.92,931586.CSI
20240320,5975.1602,5941.0232,5985.7131,5941.0232,49869359.94,931586.CSI
20240319,5951.5253,5982.6965,6006.7811,5950.0086,60002219.02,931586.CSI
20240318,5994.0357,5966.9895,6000.698,5953.0439,55060611.53,931586.CSI
20240315,5955.0952,5933.0081,5958.948,5898.7322,53348372.97,931586.CSI
20240314,5938.0997,5949.294,5992.9609,5920.361,49901873.82,931586.CSI
20240313,5949.5854,5984.0551,5984.0551,5930.2315,54502477.08,931586.CSI
20240312,5991.2606,5986.7129,6006.1019,5951.9519,69805312.55,931586.CSI
20240311,5982.8927,5923.7783,5982.8927,5914.0481,54826292.56,931586.CSI
20240308,5912.0311,5893.8889,5925.4804,5874.1672,47450040.2,931586.CSI
20240307,5898.2147,5901.3871,5952.8148,5885.0696,55087923.77,931586.CSI
20240306,5902.4628,5921.0829,5944.9229,5900.8678,52251745.92,931586.CSI
20240305,5933.065,5859.4694,5943.4242,5852.8941,62282325.83,931586.CSI
20240304,5881.0721,5884.5333,5899.0715,5860.6968,58166426.71,931586.CSI
20240301,5889.2584,5871.1116,5898.5665,5853.6685,55651185.62,931586.CSI
20240229,5875.5701,5773.8456,5875.5701,5773.3554,53851174.38,931586.CSI
20240228,5792.8264,5846.0596,5876.7788,5792.8264,66482385.26,931586.CSI
20240227,5842.5018,5788.7124,5842.5018,5783.3435,48896128.7,931586.CSI
20240226,5807.7837,5881.3257,5885.3742,5796.832,60080674.9,931586.CSI
20240223,5882.2713,5882.0044,5918.5086,5859.5063,57381313.37,931586.CSI
20240222,5881.0297,5827.606,5881.5476,5823.5181,55020568.69,931586.CSI
20240221,5843.0345,5736.5905,5908.8234,5723.9166,74595031.87,931586.CSI
20240220,5761.9638,5737.8562,5768.4581,5714.7575,53476387.17,931586.CSI
20240219,5745.8425,5725.634,5745.8425,5685.7981,72955061.44,931586.CSI
20240208,5689.4492,5678.1731,5696.5942,5644.9515,75775263.57,931586.CSI
20240207,5672.7622,5629.4821,5672.7622,5586.164,91083207.09,931586.CSI
20240206,5624.9011,5446.924,5630.3595,5443.7527,83872502.77,931586.CSI
20240205,5465.9405,5398.2119,5516.19,5330.2868,82395624.5,931586.CSI
20240202,5418.0982,5466.0034,5499.4569,5305.3472,70250770.16,931586.CSI
20240201,5465.2514,5449.4521,5511.3661,5432.9434,58824369.47,931586.CSI
20240131,5470.0459,5469.3158,5514.1672,5440.0469,62061386.08,931586.CSI
20240130,5482.8001,5538.5774,5572.3754,5482.8001,57162766.64,931586.CSI
20240129,5568.858,5604.2968,5628.8477,5568.858,76244513.51,931586.CSI
20240126,5592.0489,5561.7066,5607.057,5541.3447,73272706.38,931586.CSI
20240125,5582.5739,5471.3868,5584.4581,5465.4227,77171798.45,931586.CSI
20240124,5468.683,5401.4917,5473.9043,5333.0063,59681420.88,931586.CSI
20240123,5376.3151,5346.0138,5405.4959,5309.6857,47994469.08,931586.CSI
20240122,5361.0915,5423.197,5465.4196,5320.3763,61149178.51,931586.CSI
20240119,5435.8788,5419.8086,5465.4287,5401.482,47902572.5,931586.CSI
20240118,5439.6681,5369.4035,5448.8008,5278.3873,73851817.05,931586.CSI
20240117,5391.2083,5486.928,5486.928,5391.2083,43009732.28,931586.CSI
20240116,5499.2851,5452.053,5499.8493,5437.7853,43529431.46,931586.CSI
20240115,5463.8606,5442.2286,5496.4686,5430.213,34865791.24,931586.CSI
20240112,5461.9222,5448.3368,5495.2588,5445.6694,38339149.97,931586.CSI
20240111,5463.5407,5438.3008,5489.7746,5416.9041,43150628.69,931586.CSI
20240110,5444.0243,5448.6009,5489.0175,5433.0145,37234564.26,931586.CSI
20240109,5463.9933,5449.5848,5477.3386,5425.4401,43749208.59,931586.CSI
20240108,5451.1927,5499.7713,5523.0249,5446.4056,49066373.43,931586.CSI
20240105,5505.2295,5504.612,5569.3225,5480.2229,50560736.61,931586.CSI
20240104,5512.1006,5547.0448,5550.5715,5470.7598,41743039.83,931586.CSI
20240103,5550.2281,5531.4419,5557.0925,5523.6119,41319501.48,931586.CSI
20240102,5541.0263,5581.1989,5581.1989,5540.1433,44377434.58,931586.CSI
20231229,5598.1317,5560.9324,5598.1317,5556.166,45231093.27,931586.CSI
20231228,5565.5554,5453.5468,5575.7663,5446.5493,57631047.77,931586.CSI
20231227,5453.2516,5437.888,5459.4326,5405.0427,35456965.71,931586.CSI
20231226,5432.5911,5460.2787,5461.66,5423.2932,25988949.14,931586.CSI
20231225,5462.2146,5450.3365,5468.1723,5434.0455,26233792.63,931586.CSI
20231222,5458.4354,5433.6756,5490.2981,5416.6539,41219104.48,931586.CSI
20231221,5434.2195,5366.539,5445.871,5362.1151,40731170.41,931586.CSI
20231220,5381.7735,5431.2754,5442.139,5381.7735,35514889.28,931586.CSI
20231219,5435.9211,5428.3489,5450.1131,5401.0634,31945289.03,931586.CSI
20231218,5432.0503,5435.3567,5467.8975,5404.6951,34545220.71,931586.CSI
20231215,5450.5721,5486.0348,5519.4229,5447.2562,36301456.92,931586.CSI
20231214,5461.6096,5510.903,5525.5324,5460.3435,29669889.48,931586.CSI
20231213,5486.9711,5565.919,5565.919,5486.9711,36525819.02,931586.CSI
20231212,5576.9347,5536.939,5578.9568,5528.7721,39322850.09,931586.CSI
20231211,5556.031,5502.856,5566.8596,5444.2576,53503646.16,931586.CSI
20231208,5533.5838,5519.5775,5557.3156,5511.4006,44950845.36,931586.CSI
20231207,5518.8313,5521.6667,5538.5201,5482.2188,35763943.89,931586.CSI
20231206,5527.2042,5527.676,5557.5937,5504.5677,41872953.78,931586.CSI
20231205,5535.346,5620.2648,5620.2648,5533.5387,36714695.01,931586.CSI
20231204,5629.9907,5655.0306,5665.9809,5629.1229,32500961.02,931586.CSI
20231201,5656.9866,5682.6488,5682.6488,5617.8672,40881152.28,931586.CSI
20231130,5685.973,5661.9925,5694.4883,5657.6914,37450965.86,931586.CSI
20231129,5668.5467,5718.1,5719.4139,5658.4462,37353079.21,931586.CSI
20231128,5717.2085,5702.3213,5720.8728,5687.6133,31445556.09,931586.CSI
20231127,5706.5431,5749.4267,5749.4267,5676.2158,40372785.92,931586.CSI
20231124,5753.8494,5776.5962,5777.8902,5747.4564,31252795.53,931586.CSI
20231123,5778.3074,5745.2703,5780.3632,5729.196,31118212.14,931586.CSI
20231122,5748.6684,5779.8809,5789.1236,5748.6684,32675364.84,931586.CSI
20231121,5795.6187,5799.6837,5840.647,5787.5909,40570145.55,931586.CSI
20231120,5779.5967,5771.9955,5798.9446,5740.1162,33038101.11,931586.CSI
20231117,5768.3586,5761.559,5774.6654,5736.0923,32353909.41,931586.CSI
20231116,5778.6333,5815.7521,5820.6133,5777.1997,31504376.87,931586.CSI
20231115,5821.1029,5825.6295,5833.5369,5802.8862,36683360.85,931586.CSI
20231114,5781.012,5780.1499,5805.9223,5761.7536,35848993.29,931586.CSI
20231113,5777.7206,5800.1638,5808.9526,5748.4705,34287471.82,931586.CSI
20231110,5790.3932,5804.6966,5808.8975,5768.3095,38196316.78,931586.CSI
20231109,5825.546,5808.6767,5841.7993,5807.6249,39345872.02,931586.CSI
20231108,5822.6471,5833.3298,5845.5178,5796.4821,38010967.53,931586.CSI
20231107,5846.0455,5872.1651,5872.1651,5835.1616,41027399.12,931586.CSI
20231106,5884.5091,5852.9967,5888.0498,5839.8633,62349801.16,931586.CSI
20231103,5820.6205,5790.9441,5839.309,5788.3907,38517129.42,931586.CSI
20231102,5785.6278,5807.7131,5838.9809,5784.9475,37039574.6,931586.CSI
20231101,5795.126,5843.2235,5843.404,5781.9159,42199045.65,931586.CSI
20231031,5786.5617,5797.917,5806.7854,5762.4898,44781531.01,931586.CSI
20231030,5807.694,5787.1703,5821.1436,5780.7577,57563100.51,931586.CSI
20231027,5799.9999,5725.2061,5821.0039,5714.7293,46146118.29,931586.CSI
20231026,5741.2034,5694.1977,5744.3592,5686.748,40296155.32,931586.CSI
20231025,5728.7025,5744.972,5757.905,5720.0823,54246381.14,931586.CSI
20231024,5686.7272,5675.1735,5694.1432,5632.6528,43356903.81,931586.CSI
20231023,5663.6195,5700.4234,5712.5386,5626.816,37020241.11,931586.CSI
20231020,5712.8408,5723.8562,5749.8045,5698.5417,39365283.98,931586.CSI
20231019,5742.4664,5844.9671,5844.9671,5740.5394,46538703.26,931586.CSI
20231018,5880.6294,5906.5775,5914.4202,5876.4133,36993084.39,931586.CSI
20231017,5914.1402,5917.3271,5922.9155,5889.7013,37572071.15,931586.CSI
20231016,5899.5218,5946.7907,5946.7907,5882.3175,37741434.15,931586.CSI
20231013,5943.4307,5955.092,5964.0321,5928.7915,39327382.74,931586.CSI
20231012,5990.2233,5979.2268,6008.0875,5965.6665,45807819.57,931586.CSI
20231011,5931.2585,5955.5999,5967.3559,5922.7883,40150133.96,931586.CSI
20231010,5925.9477,6001.2901,6010.8279,5924.3339,41885299.92,931586.CSI
20231009,5983.8369,5973.1026,5997.1918,5919.5237,42133447.31,931586.CSI
20230928,5991.1153,6024.9755,6031.5518,5986.164,34591716.14,931586.CSI
20230927,6007.793,6012.4823,6053.5518,6002.3831,36746557.79,931586.CSI
20230926,6005.5507,6040.2292,6055.952,6005.1889,32015500.21,931586.CSI
20230925,6045.7941,6080.5762,6080.5762,6040.2358,37608050.19,931586.CSI
20230922,6079.3154,5984.2155,6081.781,5969.9527,44191694.99,931586.CSI
20230921,5979.8877,6024.0761,6034.9487,5979.8877,32699508.57,931586.CSI
20230920,6031.4291,6044.6605,6047.9575,6022.5034,31854295.16,931586.CSI
20230919,6051.1072,6039.7284,6053.9388,6017.5339,33916246.54,931586.CSI
20230918,6046.2342,6005.6297,6050.6891,5989.5488,34393791.72,931586.CSI
20230915,6018.923,6079.9712,6092.3182,6005.5009,45380718.43,931586.CSI
20230914,6070.3055,6061.2055,6080.5281,6042.6334,43136277.59,931586.CSI
20230913,6060.346,6091.2714,6102.8966,6034.583,34080508.3,931586.CSI
20230912,6088.1256,6087.9725,6104.5837,6078.951,31152389.37,931586.CSI
20230911,6089.3789,6050.9369,6116.3933,6046.5914,40693561.71,931586.CSI
20230908,6050.1505,6061.085,6068.5229,6025.595,27698361.5,931586.CSI
20230907,6078.8129,6137.0941,6137.0941,6074.6525,38602592.51,931586.CSI
20230906,6154.168,6143.0567,6165.1876,6121.1817,35467117.59,931586.CSI
20230905,6159.8068,6189.0357,6189.0357,6151.8643,43568071.7,931586.CSI
20230904,6207.0236,6143.5319,6213.8774,6137.7965,54654539.07,931586.CSI
20230901,6114.233,6080.4495,6134.8291,6080.4495,38370333.54,931586.CSI
20230831,6060.2559,6086.2249,6106.3416,6055.1927,44568743.12,931586.CSI
20230830,6079.5437,6124.9002,6127.0705,6071.3349,50567818.0,931586.CSI
20230829,6108.7136,6069.8496,6145.6168,6062.7059,57255998.27,931586.CSI
20230828,6084.9112,6310.9783,6310.9783,6064.8143,75832125.71,931586.CSI
20230825,6001.3899,5968.0162,6040.1526,5964.2032,42169800.67,931586.CSI
20230824,6005.1255,6012.341,6052.0962,5982.8961,48719694.76,931586.CSI
20230823,5991.3178,6063.3491,6078.7835,5987.7803,38243863.02,931586.CSI
20230822,6071.1512,6047.8028,6090.7926,5996.8952,51648783.38,931586.CSI
20230821,6016.6444,6090.6765,6102.2576,6016.6444,40148296.71,931586.CSI
20230818,6104.9591,6168.8334,6194.0447,6104.9591,37458332.4,931586.CSI
20230817,6167.7738,6132.3156,6176.1127,6102.3299,37292343.91,931586.CSI
20230816,6160.4554,6163.9576,6205.9972,6148.9944,35877543.98,931586.CSI
20230815,6186.4584,6184.274,6204.9771,6133.841,39025579.88,931586.CSI
20230814,6179.8645,6161.6731,6188.8537,6118.2032,45567118.47,931586.CSI
20230811,6229.298,6376.5773,6376.5773,6229.298,50510189.33,931586.CSI
20230810,6374.7423,6363.0808,6383.4789,6329.2737,35473980.42,931586.CSI
20230809,6370.1488,6374.7677,6394.5833,6360.5009,33899327.07,931586.CSI
20230808,6394.1219,6389.346,6431.8588,6364.1532,38518273.97,931586.CSI
20230807,6410.0861,6425.6558,6425.6558,6386.6802,45034063.26,931586.CSI
20230804,6458.1819,6475.1564,6521.4706,6452.2146,69651927.97,931586.CSI
20230803,6427.2065,6359.028,6427.5721,6351.2998,49487128.09,931586.CSI
20230802,6369.2889,6398.6315,6430.545,6349.6739,48836401.6,931586.CSI
20230801,6416.3587,6428.2206,6470.8707,6390.5674,49752602.0,931586.CSI
20230731,6436.957,6447.7347,6527.1601,6419.813,77653416.56,931586.CSI
20230728,6404.4967,6221.0338,6416.0404,6219.275,70026129.0,931586.CSI
20230727,6239.1113,6255.9569,6296.1003,6226.8045,42305937.31,931586.CSI
20230726,6243.55,6243.1016,6252.4797,6219.346,39158885.69,931586.CSI
20230725,6254.8146,6160.3878,6257.2201,6160.3878,59390707.48,931586.CSI
20230724,6072.7712,6057.2848,6103.3184,6051.0722,26872932.55,931586.CSI
20230721,6090.7949,6084.6658,6125.0114,6070.1814,29835941.4,931586.CSI
20230720,6088.9021,6135.6039,6164.1239,6080.8885,34745633.29,931586.CSI
20230719,6128.4946,6113.5445,6132.1345,6092.9323,30055628.51,931586.CSI
20230718,6128.6505,6148.3888,6149.9271,6107.9543,34468254.25,931586.CSI
20230717,6144.916,6169.2331,6169.2331,6119.1776,39847639.1,931586.CSI
20230714,6187.833,6186.3021,6196.6983,6168.5573,49042650.87,931586.CSI
20230713,6175.7983,6115.249,6178.9195,6115.249,45375154.76,931586.CSI
20230712,6100.0478,6130.1141,6146.4932,6094.288,38986672.97,931586.CSI
20230711,6127.6468,6108.9544,6131.5399,6091.3681,28687146.74,931586.CSI
20230710,6092.0906,6093.4701,6117.6444,6069.6606,33617489.25,931586.CSI
20230707,6068.4865,6061.1988,6090.551,6050.5369,34542821.87,931586.CSI
20230706,6077.0687,6094.7148,6130.4006,6063.9284,34863860.96,931586.CSI
20230705,6110.241,6142.4685,6155.0624,6102.7234,31408321.76,931586.CSI
20230704,6146.096,6141.9229,6154.662,6124.604,38696364.36,931586.CSI
20230703,6151.1605,6070.7049,6158.2521,6070.7049,50236706.8,931586.CSI
20230630,6056.0392,6022.272,6081.3598,6017.5979,38088958.98,931586.CSI
20230629,6030.1677,6056.6656,6062.103,6027.6042,35503467.21,931586.CSI
20230628,6063.3565,6040.2545,6068.5426,6017.6716,39143204.15,931586.CSI
20230627,6056.9619,5985.0516,6068.3613,5975.8216,45929796.3,931586.CSI
20230626,5981.0919,6016.8962,6021.9503,5969.7948,45857345.66,931586.CSI
20230621,6063.9214,6113.5681,6131.0355,6063.9214,43784731.35,931586.CSI
20230620,6131.5941,6159.9144,6173.2774,6123.4246,45665428.54,931586.CSI
20230619,6165.2754,6217.7486,6217.7486,6151.0685,50346371.54,931586.CSI
20230616,6234.6328,6202.6649,6242.0296,6193.864,50041452.4,931586.CSI
20230615,6190.3998,6132.7093,6190.3998,6128.6281,42747119.27,931586.CSI
20230614,6121.0243,6144.2184,6175.0121,6118.6514,45694312.33,931586.CSI
20230613,6133.9122,6107.9086,6136.3566,6088.6283,41389185.94,931586.CSI
20230612,6119.8897,6103.1998,6141.8249,6079.6476,48842371.18,931586.CSI
20230609,6113.1285,6083.1995,6113.4314,6059.2067,53320690.93,931586.CSI
20230608,6076.5841,6008.6221,6091.0423,5980.9595,49819719.76,931586.CSI
20230607,6007.9795,6028.9927,6047.0273,5991.8994,40220072.2,931586.CSI
20230606,6018.8404,6050.5666,6117.3936,6010.847,51860880.2,931586.CSI
20230605,6057.7945,6064.5407,6087.1759,6036.0144,45545575.73,931586.CSI
20230602,6067.7883,6024.8618,6072.514,6022.83,51727585.86,931586.CSI
20230601,6000.4184,5968.0666,6043.288,5966.5597,55958736.24,931586.CSI
20230531,5983.8867,6020.6983,6023.3651,5963.634,52623798.27,931586.CSI
20230530,6041.5289,6009.3662,6063.4052,5970.4685,65023132.43,931586.CSI
20230529,6020.0685,6022.9921,6041.8578,5985.5742,55004971.91,931586.CSI
20230526,5999.474,5974.1936,6014.0314,5938.6959,43875830.92,931586.CSI
20230525,5980.0687,5981.9736,6001.6415,5924.2754,57429465.0,931586.CSI
20230524,5983.989,6075.935,6075.935,5983.4149,60411928.88,931586.CSI
20230523,6088.4541,6184.5421,6192.1844,6088.4541,51991177.91,931586.CSI
20230522,6182.7952,6143.9873,6219.6875,6140.4157,45120515.14,931586.CSI
20230519,6153.6311,6175.3029,6200.3477,6130.2043,52621930.8,931586.CSI
20230518,6201.6311,6196.1673,6246.4984,6176.6194,62654982.9,931586.CSI
20230517,6181.9536,6192.2652,6219.3151,6153.2275,57903125.58,931586.CSI
20230516,6206.6169,6250.4642,6266.2429,6189.5921,60525227.62,931586.CSI
20230515,6253.3814,6184.7007,6254.2603,6112.986,79767126.26,931586.CSI
20230512,6180.1752,6264.1614,6291.5921,6178.4973,67194441.15,931586.CSI
20230511,6271.5079,6303.6984,6329.5784,6265.4308,63831772.92,931586.CSI
20230510,6292.3794,6348.7529,6355.2209,6274.2771,93050949.41,931586.CSI
20230509,6368.1985,6444.7154,6501.5087,6365.4642,129419128.7,931586.CSI
20230508,6439.2572,6347.0049,6467.0287,6341.0716,120054948.49,931586.CSI
20230505,6328.2942,6351.3933,6403.471,6299.7348,93949763.62,931586.CSI
20230504,6349.4317,6270.4746,6357.6683,6234.2412,107112015.26,931586.CSI
20230428,6324.3275,6256.4466,6327.9279,6245.3487,85676250.13,931586.CSI
20230427,6248.0072,6160.6164,6263.0456,6150.2609,74015547.08,931586.CSI
20230426,6174.8682,6210.1646,6210.1646,6144.4401,72372285.68,931586.CSI
20230425,6231.2232,6232.3705,6256.1714,6166.4316,76757432.95,931586.CSI
20230424,6234.0591,6291.875,6314.9517,6214.4662,78019263.6,931586.CSI
20230421,6281.135,6398.819,6413.3545,6278.8019,82381877.44,931586.CSI
20230420,6393.2562,6355.9143,6393.4873,6330.7117,76574720.72,931586.CSI
20230419,6356.2856,6425.2317,6425.2317,6345.7768,75260272.42,931586.CSI
20230418,6429.943,6376.2589,6441.6115,6372.2718,79374647.12,931586.CSI
20230417,6385.8835,6264.6002,6385.8835,6260.0376,88009813.64,931586.CSI
20230414,6268.2463,6248.0278,6287.0066,6229.9436,69147783.78,931586.CSI
20230413,6234.9833,6254.5817,6265.2561,6214.896,73169731.32,931586.CSI
20230412,6278.2084,6243.3484,6288.1972,6229.6628,80625765.28,931586.CSI
20230411,6236.552,6248.5356,6255.9104,6213.7299,69109930.34,931586.CSI
20230410,6243.8744,6265.4527,6273.9263,6233.82,67581917.56,931586.CSI
20230407,6256.0996,6244.3764,6276.7039,6235.2394,56680348.88,931586.CSI
20230406,6244.818,6228.1079,6244.818,6209.1415,68030058.9,931586.CSI
20230404,6250.4597,6177.2655,6250.4597,6167.7679,97054007.5,931586.CSI
20230403,6178.6982,6146.4535,6188.0698,6132.1885,84011130.16,931586.CSI
20230331,6142.8002,6140.0552,6159.867,6127.4224,64888670.86,931586.CSI
20230330,6131.8732,6094.8451,6139.47,6038.1584,74346063.09,931586.CSI
20230329,6085.14,6126.5887,6131.121,6069.6107,63436369.32,931586.CSI
20230328,6101.2178,6117.5231,6135.7052,6093.0736,60555044.69,931586.CSI
20230327,6111.7224,6150.7957,6150.7957,6065.7005,78115480.74,931586.CSI
20230324,6161.0106,6206.252,6206.252,6148.8134,74998559.7,931586.CSI
20230323,6219.1108,6137.0324,6219.3278,6136.0074,74522942.56,931586.CSI
20230322,6147.1278,6118.8829,6166.3141,6112.7322,68877141.79,931586.CSI
20230321,6099.4644,6076.6785,6107.4024,6068.4215,72090165.52,931586.CSI
20230320,6066.2426,6119.7001,6183.8567,6058.6962,111087416.2,931586.CSI
20230317,6104.9034,6078.6972,6168.1025,6078.6972,92029965.45,931586.CSI
20230316,6036.472,6033.72,6077.5159,6026.3744,72226372.81,931586.CSI
20230315,6079.0329,6067.2401,6095.6215,6050.9847,74830599.24,931586.CSI
20230314,6026.8758,6053.6726,6059.0843,5980.9058,76624905.34,931586.CSI
20230313,6068.7487,5972.3732,6070.0603,5971.9542,75068736.95,931586.CSI
20230310,5968.5227,6019.6699,6046.5189,5968.5227,60448243.65,931586.CSI
20230309,6064.4501,6086.1708,6096.8092,6026.8342,61110198.83,931586.CSI
20230308,6085.2089,6064.7896,6085.4956,6045.5809,58862139.08,931586.CSI
20230307,6098.7744,6164.6765,6225.6346,6092.3319,99280047.58,931586.CSI
20230306,6175.2149,6231.3707,6234.259,6165.0326,80831126.82,931586.CSI
20230303,6224.7512,6179.4532,6228.4179,6155.5052,88954161.6,931586.CSI
20230302,6169.9858,6137.5409,6191.6947,6136.0064,76880613.88,931586.CSI
20230301,6152.7384,6041.4334,6169.2953,6036.756,78085187.81,931586.CSI
20230228,6043.079,6021.77,6049.7306,5975.2431,52357627.26,931586.CSI
20230227,5994.4528,5993.3563,6032.5237,5984.3109,40552612.11,931586.CSI
20230224,6029.2094,6083.5684,6085.8621,6005.9214,47934138.16,931586.CSI
20230223,6089.5,6103.9396,6137.3609,6066.3265,45630068.77,931586.CSI
20230222,6101.6606,6131.4237,6141.7681,6093.9876,49785094.98,931586.CSI
20230221,6165.8287,6120.5321,6171.9289,6109.9548,71245010.02,931586.CSI
20230220,6117.303,5939.4527,6120.0961,5939.4527,79458385.93,931586.CSI
20230217,5923.4819,5991.5678,6022.6368,5921.1507,49475639.34,931586.CSI
20230216,6001.6868,6024.1726,6109.6129,5967.3909,70685501.67,931586.CSI
20230215,6021.8319,6038.2858,6044.4613,6007.1006,48123989.13,931586.CSI
20230214,6037.2967,6030.2474,6044.2049,6008.6349,44214449.42,931586.CSI
20230213,6020.4604,5946.3378,6025.153,5935.3725,54849209.04,931586.CSI
20230210,5957.3892,5972.1656,5980.7528,5940.0966,39133099.8,931586.CSI
20230209,5979.4933,5901.6293,5979.4933,5897.0681,41701543.32,931586.CSI
20230208,5908.5188,5950.8764,5964.4825,5902.9239,34170709.41,931586.CSI
20230207,5939.867,5923.8525,5944.3988,5907.909,38501263.43,931586.CSI
20230206,5908.0492,5919.9313,5934.6946,5882.3972,47431466.66,931586.CSI
20230203,5977.2044,6002.7097,6002.7097,5923.9298,47551712.39,931586.CSI
20230202,6030.3237,6073.6993,6073.6993,6014.8213,51539873.94,931586.CSI
20230201,6058.1077,6021.15,6058.9342,5983.7479,54438998.82,931586.CSI
20230131,6001.8626,6050.612,6075.5352,5996.988,47973333.37,931586.CSI
20230130,6048.2656,6141.494,6142.3997,6043.1259,67295699.72,931586.CSI
20230120,6030.5645,5992.3375,6038.2244,5988.647,54790545.2,931586.CSI
20230119,5976.3521,5938.0945,5976.3521,5911.3335,36174907.74,931586.CSI
20230118,5948.7422,5951.9596,5977.1107,5937.6285,31817833.38,931586.CSI
20230117,5948.2493,5961.4372,5967.8164,5922.9878,34538110.87,931586.CSI
20230116,5964.5573,5904.5128,6017.6805,5899.015,57166703.14,931586.CSI
20230113,5898.6811,5832.6204,5898.6811,5827.3337,36628126.04,931586.CSI
20230112,5813.9365,5823.3669,5824.6683,5787.2202,36036441.16,931586.CSI
20230111,5809.2901,5801.1685,5843.8108,5790.5606,38045779.95,931586.CSI
20230110,5793.4316,5810.4645,5816.3,5784.5639,38279636.25,931586.CSI
20230109,5811.1097,5794.6065,5824.0568,5777.0525,45343926.54,931586.CSI
20230106,5763.5487,5764.177,5784.747,5745.0915,38079054.41,931586.CSI
20230105,5757.489,5704.0052,5764.7236,5702.0059,45805059.8,931586.CSI
20230104,5674.3731,5639.8647,5683.5121,5634.2249,43958062.03,931586.CSI
20230103,5639.3279,5604.6974,5648.8562,5552.1098,46286811.58,931586.CSI
20221230,5614.3573,5600.8992,5630.6862,5600.8876,30153450.3,931586.CSI
20221229,5576.0816,5592.1706,5592.1706,5548.945,31037301.82,931586.CSI
20221228,5617.7399,5615.8146,5632.8033,5589.8668,31414413.8,931586.CSI
20221227,5626.6453,5604.4111,5639.6182,5598.1087,30783181.13,931586.CSI
20221226,5578.5045,5599.6532,5606.1494,5570.2306,29594626.88,931586.CSI
20221223,5597.9662,5573.2372,5626.7647,5569.395,27077059.89,931586.CSI
20221222,5606.8291,5646.4404,5673.9448,5584.1221,33298239.09,931586.CSI
20221221,5602.8704,5607.5544,5629.9403,5590.7207,25216261.13,931586.CSI
20221220,5593.4234,5660.8806,5669.9456,5565.3216,35730126.53,931586.CSI
20221219,5676.9153,5794.2693,5810.2822,5654.5978,45920125.3,931586.CSI
20221216,5791.8791,5732.0164,5803.5583,5731.4911,38469838.84,931586.CSI
20221215,5759.9574,5777.5935,5796.8439,5740.2135,36675014.8,931586.CSI
20221214,5783.2359,5784.5034,5811.0529,5753.3228,42553312.75,931586.CSI
20221213,5784.3389,5779.7386,5809.7661,5764.9074,37939794.73,931586.CSI
20221212,5778.7282,5827.5401,5840.1489,5773.3009,53095739.78,931586.CSI
20221209,5859.4227,5804.6472,5872.2124,5773.6917,64303376.25,931586.CSI
20221208,5799.8677,5783.2184,5811.3225,5771.5368,49999439.81,931586.CSI
20221207,5790.48,5810.7396,5854.2475,5771.6473,64240727.94,931586.CSI
20221206,5825.6312,5792.9703,5866.9727,5785.1375,73024753.55,931586.CSI
20221205,5823.4964,5706.1911,5827.5053,5704.5724,102212684.53,931586.CSI
20221202,5640.1742,5661.2998,5669.0125,5632.3643,52004836.48,931586.CSI
20221201,5672.6161,5716.293,5741.4814,5671.1763,76693690.05,931586.CSI
20221130,5626.8044,5600.4242,5657.162,5594.5424,68503815.98,931586.CSI
20221129,5614.0648,5489.2413,5623.7296,5489.2413,82310775.45,931586.CSI
20221128,5435.0356,5416.6512,5439.5574,5355.2341,59679005.63,931586.CSI
20221125,5509.196,5426.6887,5529.4275,5425.0564,74643164.57,931586.CSI
20221124,5430.7643,5481.3342,5498.1738,5425.4539,46136862.81,931586.CSI
20221123,5462.0447,5440.1414,5510.1646,5432.6976,76391418.84,931586.CSI
20221122,5445.5411,5383.4369,5496.9746,5374.3564,74850632.87,931586.CSI
20221121,5380.0719,5392.8515,5392.8515,5336.7824,35843836.65,931586.CSI
20221118,5428.5012,5451.3228,5473.9719,5427.9477,43071361.96,931586.CSI
20221117,5439.1121,5439.6585,5447.7115,5395.3778,39115662.45,931586.CSI
20221116,5451.0421,5479.7286,5497.4774,5447.1324,45745923.48,931586.CSI
20221115,5491.6492,5404.3239,5493.1198,5379.8911,60703719.05,931586.CSI
20221114,5409.9548,5426.5221,5475.5269,5399.0921,70103699.45,931586.CSI
20221111,5375.0978,5341.1806,5419.5642,5299.1687,76896658.9,931586.CSI
20221110,5223.6846,5204.7158,5243.3292,5185.6759,35610951.32,931586.CSI
20221109,5236.2149,5267.9274,5288.3254,5231.2682,37189310.87,931586.CSI
20221108,5266.6428,5292.7718,5299.5281,5236.362,38835189.83,931586.CSI
20221107,5294.1334,5252.6571,5317.5336,5245.332,52331099.3,931586.CSI
20221104,5269.1166,5135.8847,5285.6855,5135.8847,60877231.21,931586.CSI
20221103,5140.7816,5157.611,5171.4337,5111.6216,45827579.81,931586.CSI
20221102,5192.0471,5134.2925,5217.2376,5120.5299,55556259.09,931586.CSI
20221101,5152.5785,5011.6787,5152.5785,5011.6787,64276669.61,931586.CSI
20221031,4998.7593,5011.8493,5058.6549,4979.3736,60660216.04,931586.CSI
20221028,5059.3461,5151.8291,5159.4862,5050.7927,47085685.51,931586.CSI
20221027,5174.3964,5196.0249,5224.0921,5161.4325,48401288.97,931586.CSI
20221026,5178.4385,5174.7747,5242.1478,5157.7363,50325534.31,931586.CSI
20221025,5169.1416,5163.826,5226.6043,5130.6945,48317868.05,931586.CSI
20221024,5176.4511,5311.0938,5351.0988,5163.9138,57794009.58,931586.CSI
20221021,5330.3349,5344.476,5367.1182,5306.2526,43045961.03,931586.CSI
20221020,5338.0435,5325.3501,5390.0675,5313.3403,34340453.47,931586.CSI
20221019,5361.8482,5439.6248,5451.1462,5361.8482,32754682.61,931586.CSI
20221018,5448.8138,5485.3232,5495.6834,5435.958,34222285.13,931586.CSI
20221017,5465.0559,5437.0954,5469.2492,5414.0815,40016981.99,931586.CSI
20221014,5454.8061,5398.7868,5482.6319,5398.0612,47937762.93,931586.CSI
20221013,5363.331,5377.143,5395.7038,5343.4956,40513314.35,931586.CSI
20221012,5416.6834,5338.0452,5416.6834,5278.4814,45190716.41,931586.CSI
20221011,5343.1992,5350.9948,5357.7799,5315.7649,35913792.56,931586.CSI
20221010,5339.2879,5424.1999,5430.6662,5333.6702,48510303.18,931586.CSI
20220930,5416.8722,5412.3989,5451.4348,5402.7457,34617739.53,931586.CSI
20220929,5404.2749,5473.3252,5482.2485,5380.7359,38228834.74,931586.CSI
20220928,5431.5416,5474.004,5482.2255,5430.121,36832844.35,931586.CSI
20220927,5490.6138,5438.1287,5493.2434,5418.0145,36747718.71,931586.CSI
20220926,5431.556,5464.8183,5510.0335,5427.6056,49544020.77,931586.CSI
20220923,5502.0914,5486.867,5539.8428,5472.6588,43157760.08,931586.CSI
20220922,5493.6748,5499.1213,5520.6087,5483.492,34614287.75,931586.CSI
20220921,5536.0102,5536.5741,5562.4232,5486.4042,35779433.89,931586.CSI
20220920,5548.8612,5582.5707,5592.8576,5536.5106,34834754.39,931586.CSI
20220919,5563.8592,5572.1787,5595.8065,5539.9891,42787462.8,931586.CSI
20220916,5580.6803,5705.4353,5709.0027,5580.6803,64694081.84,931586.CSI
20220915,5718.4783,5739.1714,5773.7217,5681.0653,53029704.81,931586.CSI
20220914,5724.4842,5731.6014,5760.5152,5707.6864,40203871.09,931586.CSI
20220913,5794.54,5790.8246,5822.0831,5766.6315,51582882.97,931586.CSI
20220909,5768.2629,5697.8694,5779.0692,5686.247,59920789.4,931586.CSI
20220908,5685.8683,5697.8427,5710.1093,5682.0101,50040633.34,931586.CSI
20220907,5694.1134,5688.8603,5699.039,5677.5531,48173389.75,931586.CSI
20220906,5707.6253,5667.789,5712.3289,5666.339,54714825.63,931586.CSI
20220905,5659.4792,5633.5173,5661.4449,5603.9669,41955986.41,931586.CSI
20220902,5642.5024,5676.9943,5680.859,5621.3455,38510076.43,931586.CSI
20220901,5664.9392,5681.6526,5718.3237,5663.7223,44585456.23,931586.CSI
20220831,5700.8471,5642.7561,5734.1249,5642.501,61667909.86,931586.CSI
20220830,5655.7414,5650.9403,5680.1112,5619.5082,42917401.49,931586.CSI
20220829,5656.4455,5629.1923,5656.4535,5619.807,41898676.29,931586.CSI
20220826,5676.9248,5698.5495,5702.194,5666.4259,42788342.68,931586.CSI
20220825,5693.0183,5640.5626,5698.564,5613.9123,48376387.96,931586.CSI
20220824,5628.3141,5712.2816,5733.1548,5623.1714,47521855.93,931586.CSI
20220823,5701.9626,5718.834,5726.1792,5676.5347,41697870.47,931586.CSI
20220822,5725.4623,5688.9445,5735.9704,5684.775,42850140.91,931586.CSI
20220819,5706.0213,5703.9673,5737.6306,5702.1921,47046335.94,931586.CSI
20220818,5711.0,5752.4313,5755.7325,5700.0876,39903587.83,931586.CSI
20220817,5765.3361,5723.1342,5770.2206,5682.2935,43430736.58,931586.CSI
20220816,5714.3564,5727.2732,5746.6841,5706.8767,35023006.68,931586.CSI
20220815,5720.2822,5732.3959,5764.354,5710.9536,40739035.8,931586.CSI
20220812,5749.0924,5718.6129,5759.2041,5711.4768,42308555.9,931586.CSI
20220811,5729.4653,5648.8299,5730.8164,5644.0113,51087832.72,931586.CSI
20220810,5624.5287,5657.253,5678.499,5605.1625,32638307.11,931586.CSI
20220809,5668.6096,5666.5348,5680.8108,5653.6066,33277000.95,931586.CSI
20220808,5667.6844,5658.4838,5687.6986,5652.8085,35404640.68,931586.CSI
20220805,5672.5594,5608.5015,5674.8949,5595.2505,40292317.98,931586.CSI
20220804,5606.0917,5584.9447,5608.2844,5564.9624,37459329.08,931586.CSI
20220803,5559.8166,5614.2166,5662.7755,5553.4884,45231198.25,931586.CSI
20220802,5616.2546,5693.0554,5693.0554,5562.7313,59701807.28,931586.CSI
20220801,5738.7349,5743.9696,5755.3563,5703.4709,38577628.19,931586.CSI
20220729,5754.9246,5815.1019,5841.9078,5742.3503,42826429.54,931586.CSI
20220728,5809.7768,5821.6035,5861.0497,5808.1203,39899938.22,931586.CSI
20220727,5804.0805,5832.9004,5832.9004,5798.9962,29862150.56,931586.CSI
20220726,5844.1106,5813.1717,5857.7106,5806.8386,34497393.1,931586.CSI
20220725,5806.6529,5826.5458,5826.9601,5793.5498,32531033.72,931586.CSI
20220722,5827.027,5830.8247,5868.0803,5789.0037,39491644.08,931586.CSI
20220721,5812.5151,5869.1414,5869.1414,5811.7599,46270781.68,931586.CSI
20220720,5885.652,5901.3768,5908.6412,5871.2718,39011238.24,931586.CSI
20220719,5871.9171,5879.3503,5887.0011,5832.9196,42422367.93,931586.CSI
20220718,5883.2909,5795.3081,5883.2909,5786.9515,51796638.09,931586.CSI
20220715,5778.7872,5871.7202,5905.7228,5778.7872,64663039.02,931586.CSI
20220714,5912.8574,5964.3747,5964.3747,5895.8348,66864414.01,931586.CSI
20220713,5976.4038,5981.9603,6005.2502,5959.4999,59629339.07,931586.CSI
20220712,5978.2986,5982.3266,6023.9114,5962.1375,55028078.54,931586.CSI
20220711,5991.7852,6037.5688,6037.5688,5974.411,55078382.91,931586.CSI
20220708,6057.6051,6073.0881,6101.8218,6051.7457,49211171.81,931586.CSI
20220707,6051.6369,6050.1738,6077.0574,6029.7788,49844109.81,931586.CSI
20220706,6051.1123,6132.2854,6132.2854,6019.3126,58623591.35,931586.CSI
20220705,6148.1281,6158.9469,6192.3001,6099.5111,57865162.42,931586.CSI
20220704,6149.4486,6136.5702,6150.9819,6107.2691,53376308.53,931586.CSI
20220701,6153.6918,6182.8154,6192.7924,6139.1732,53552526.42,931586.CSI
20220630,6169.8111,6105.4425,6204.8374,6105.4425,61338440.82,931586.CSI
20220629,6122.1682,6148.7664,6192.5772,6112.0785,70863240.74,931586.CSI
20220628,6171.0725,6119.2764,6181.4377,6085.2588,61507560.95,931586.CSI
20220627,6123.9013,6117.264,6159.2232,6104.3962,64944870.67,931586.CSI
20220624,6101.944,6074.8625,6108.8856,6056.6985,60771914.95,931586.CSI
20220623,6060.4588,5976.7502,6060.4588,5976.7502,57133646.4,931586.CSI
20220622,5972.7224,6062.8978,6063.9491,5971.9687,53348275.5,931586.CSI
20220621,6058.4261,6038.5808,6091.3463,6011.6265,64276172.14,931586.CSI
20220620,6045.4135,6062.8236,6082.1214,6018.0151,69131847.58,931586.CSI
20220617,6062.7153,5967.3425,6073.7096,5966.8874,65221867.99,931586.CSI
20220616,6007.3827,6107.0229,6119.3164,5999.8027,82215843.02,931586.CSI
20220615,6105.2665,5993.4455,6198.6161,5992.253,125690244.83,931586.CSI
20220614,5982.5075,5837.6569,5982.9808,5824.8438,72726662.61,931586.CSI
20220613,5888.6972,5920.8632,5934.7902,5852.7135,68980631.68,931586.CSI
20220610,5965.6077,5846.9356,5969.0533,5844.7936,58740349.88,931586.CSI
20220609,5895.1367,5919.8408,5951.4314,5876.1971,56773211.36,931586.CSI
20220608,5929.2617,5901.5289,5934.521,5849.6485,49744942.32,931586.CSI
20220607,5890.7412,5861.8641,5911.572,5849.1199,50118026.79,931586.CSI
20220606,5869.2077,5810.9788,5869.8545,5766.035,57260869.28,931586.CSI
20220602,5811.5558,5791.2606,5813.7823,5775.3202,35498518.45,931586.CSI
20220601,5819.5325,5831.7152,5846.3264,5785.7615,38017747.8,931586.CSI
20220531,5838.487,5780.1732,5846.4099,5762.5933,44956000.17,931586.CSI
20220530,5781.5135,5788.0625,5803.5444,5756.6599,37501665.59,931586.CSI
20220527,5761.5161,5785.7999,5816.0232,5733.6996,39482087.36,931586.CSI
20220526,5755.1443,5728.9206,5782.1864,5675.5199,42323403.45,931586.CSI
20220525,5728.2116,5693.6403,5728.2116,5686.294,33145172.87,931586.CSI
20220524,5694.3906,5816.145,5821.2126,5694.3906,45629759.7,931586.CSI
20220523,5810.7333,5846.3112,5846.5704,5781.6603,39191456.28,931586.CSI
20220520,5851.9207,5779.1045,5851.9207,5779.0173,48505230.22,931586.CSI
20220519,5751.4816,5687.9906,5751.4816,5679.5612,36277924.17,931586.CSI
20220518,5758.4514,5792.6834,5793.482,5722.3563,39136978.36,931586.CSI
20220517,5783.336,5752.6962,5783.4893,5719.5458,37953555.0,931586.CSI
20220516,5746.5166,5828.4161,5831.2503,5726.9335,40733623.0,931586.CSI
20220513,5790.7397,5769.7566,5807.6459,5751.9765,40485879.0,931586.CSI
20220512,5743.1067,5743.5307,5783.3747,5706.3066,37871571.0,931586.CSI
20220511,5774.806,5740.4759,5844.5041,5736.9239,53965764.0,931586.CSI
20220510,5748.1309,5630.0377,5769.2932,5601.3966,47002423.68,931586.CSI
20220509,5712.1249,5703.2782,5749.4822,5676.6396,32836141.82,931586.CSI
20220506,5734.8441,5760.5994,5787.9176,5724.6588,43966700.23,931586.CSI
20220505,5876.359,5835.9311,5904.3416,5830.8346,57027233.23,931586.CSI
20220429,5867.359,5744.3886,5875.3263,5700.6704,63598960.62,931586.CSI
20220428,5722.3925,5664.1161,5744.535,5647.0619,53534003.05,931586.CSI
20220427,5688.4115,5539.3421,5689.6582,5536.8211,59633193.75,931586.CSI
20220426,5570.6839,5643.8644,5709.6461,5557.3654,55439268.73,931586.CSI
20220425,5634.7501,5806.2861,5848.6892,5634.7501,60544983.31,931586.CSI
20220422,5914.7607,5813.3874,5945.6327,5804.2693,45253158.67,931586.CSI
20220421,5853.9054,5920.1092,5959.4093,5830.8696,45762388.37,931586.CSI
20220420,5943.3924,6039.2704,6046.6858,5927.7437,41011392.63,931586.CSI
20220419,6040.9241,6062.3172,6084.0683,6007.5116,39743402.47,931586.CSI
20220418,6073.6594,6101.0427,6105.4917,6053.3474,43028231.71,931586.CSI
20220415,6147.3101,6106.4587,6175.5052,6100.6852,44214075.13,931586.CSI
20220414,6143.0918,6107.4358,6177.5902,6094.3305,43404677.5,931586.CSI
20220413,6064.6865,6086.981,6147.302,6059.5157,42956814.51,931586.CSI
20220412,6123.1153,6031.2346,6123.3615,5979.7572,53521554.77,931586.CSI
20220411,6035.3698,6152.345,6152.345,6014.0422,52255066.99,931586.CSI
20220408,6186.5682,6136.9714,6190.9847,6088.6226,53404372.98,931586.CSI
20220407,6133.4716,6194.2224,6244.6513,6128.2973,48892211.94,931586.CSI
20220406,6226.2943,6162.4563,6239.6667,6161.3242,59485031.89,931586.CSI
20220401,6184.3717,6061.217,6185.4383,6047.9747,49012957.63,931586.CSI
20220331,6097.1964,6079.5648,6142.0012,6071.0189,48276409.0,931586.CSI
20220330,6105.8395,5982.817,6105.8395,5982.817,47448566.02,931586.CSI
20220329,5948.4376,5991.1928,6009.7246,5936.4661,32696041.34,931586.CSI
20220328,5988.9961,5935.0164,6014.8909,5881.1688,41678556.85,931586.CSI
20220325,5995.2684,6074.2881,6086.177,5995.2684,37870647.69,931586.CSI
20220324,6071.8413,6068.2721,6099.187,6042.1945,39484114.75,931586.CSI
20220323,6098.2221,6076.4068,6116.0689,6034.4161,42815979.26,931586.CSI
20220322,6068.216,6027.9318,6102.7331,6016.4661,41841915.96,931586.CSI
20220321,6038.0136,6092.8467,6092.9953,5999.4575,43155321.31,931586.CSI
20220318,6073.7152,5992.926,6100.2987,5968.1393,52840401.1,931586.CSI
20220317,6010.3856,6001.2696,6087.9472,5973.8672,61331763.42,931586.CSI
20220316,5888.3917,5754.7232,5910.1547,5612.385,64674833.61,931586.CSI
20220315,5672.5428,5924.0719,5925.3179,5672.5428,71498536.09,931586.CSI
20220314,5984.5167,6058.464,6132.3525,5984.5167,43643967.71,931586.CSI
20220311,6132.2785,6028.633,6148.8428,5954.8972,55408336.44,931586.CSI
20220310,6110.7011,6173.5412,6178.4259,6103.9649,50753357.34,931586.CSI
20220309,6058.2446,6151.3295,6181.3796,5845.3346,71049025.83,931586.CSI
20220308,6130.9049,6263.5918,6282.0626,6115.7565,59971239.98,931586.CSI
20220307,6254.4844,6373.5656,6373.7848,6236.3525,59379867.45,931586.CSI
20220304,6423.6014,6451.6727,6455.5103,6403.0919,43820117.93,931586.CSI
20220303,6496.6095,6506.7726,6525.4373,6479.3423,50160263.78,931586.CSI
20220302,6488.8884,6498.3572,6503.5263,6470.4077,35941789.11,931586.CSI
20220301,6533.6789,6487.3801,6535.6492,6476.9681,39688983.5,931586.CSI
20220228,6473.6566,6474.1243,6485.0571,6419.8062,40368210.28,931586.CSI
20220225,6492.1877,6497.3735,6547.8439,6474.1398,48256966.48,931586.CSI
20220224,6463.6638,6560.6557,6569.3081,6415.4543,61795586.12,931586.CSI
20220223,6598.3951,6586.6954,6602.6111,6557.8892,41605889.95,931586.CSI
20220222,6574.8909,6626.9623,6626.9623,6543.509,42623097.35,931586.CSI
20220221,6674.3786,6677.7478,6677.7478,6633.6798,38768984.79,931586.CSI
20220218,6686.4073,6596.7495,6688.0378,6590.915,37701381.78,931586.CSI
20220217,6621.6263,6641.4756,6660.1561,6612.3218,34148832.54,931586.CSI
20220216,6643.05,6625.2071,6672.7964,6619.3747,36976269.46,931586.CSI
20220215,6601.8779,6593.1053,6625.1719,6564.5357,41577220.47,931586.CSI
20220214,6597.5684,6680.6785,6680.6785,6568.7049,55148292.51,931586.CSI
20220211,6709.7753,6702.9372,6778.8457,6699.1548,56751778.28,931586.CSI
20220210,6726.9743,6737.8043,6737.8043,6682.7941,44361993.54,931586.CSI
20220209,6735.6101,6688.6416,6748.4262,6684.1794,47660702.48,931586.CSI
20220208,6692.9854,6661.0374,6692.9854,6573.613,52737113.86,931586.CSI
20220207,6664.1759,6628.8179,6676.2041,6617.6888,53695562.7,931586.CSI
20220128,6545.7117,6650.0252,6673.6891,6539.6375,42511789.07,931586.CSI
20220127,6622.0969,6725.1805,6725.4204,6616.5585,38866634.32,931586.CSI
20220126,6735.6019,6704.11,6735.6019,6651.7902,35399636.3,931586.CSI
20220125,6680.2685,6808.1012,6824.8579,6679.6566,44071973.87,931586.CSI
20220124,6844.8607,6829.8319,6866.9233,6800.7205,36959255.44,931586.CSI
20220121,6856.1013,6915.2492,6915.5692,6832.2788,44631823.11,931586.CSI
20220120,6943.1533,6860.4615,6965.8504,6860.2925,58167798.91,931586.CSI
20220119,6861.7042,6857.2599,6896.6747,6828.7871,47503041.01,931586.CSI
20220118,6849.333,6770.2691,6871.1528,6755.2624,51805466.64,931586.CSI
20220117,6770.4433,6728.9475,6778.205,6728.9475,37300855.88,931586.CSI
20220114,6716.4729,6793.0868,6793.0868,6712.7565,50048913.16,931586.CSI
20220113,6809.5957,6914.0452,6930.263,6808.416,47725181.1,931586.CSI
20220112,6905.1973,6910.7326,6919.9044,6860.2021,45331709.24,931586.CSI
20220111,6894.6374,6926.4699,6979.0669,6886.6102,49193273.5,931586.CSI
20220110,6935.3175,6900.7118,6944.7047,6878.2141,51114502.16,931586.CSI
20220107,6899.413,6854.6762,6938.572,6854.6762,64644155.66,931586.CSI
20220106,6841.8119,6862.62,6883.6039,6813.2626,51881019.0,931586.CSI
20220105,6887.7808,6880.523,6952.2065,6870.9783,57794098.94,931586.CSI
20220104,6888.7985,6883.6263,6894.0036,6820.8916,50236327.38,931586.CSI
20211231,6864.6707,6844.2394,6872.1542,6830.526,41442734.33,931586.CSI
20211230,6832.2799,6800.7775,6855.9622,6795.8816,37420474.74,931586.CSI
20211229,6798.0304,6891.0508,6891.0508,6798.0304,34427610.54,931586.CSI
20211228,6890.6949,6860.4228,6895.6703,6854.1384,39795641.27,931586.CSI
20211227,6858.1467,6833.845,6873.8435,6826.079,37608091.26,931586.CSI
20211224,6837.696,6858.9499,6869.0679,6816.5077,39373647.75,931586.CSI
20211223,6853.6326,6810.4359,6853.8218,6791.1032,39320807.74,931586.CSI
20211222,6809.2789,6840.2165,6844.3032,6789.9767,36695698.7,931586.CSI
20211221,6827.5773,6755.9275,6834.5627,6755.6669,41818728.57,931586.CSI
20211220,6763.3398,6806.0562,6850.2784,6755.5092,43451097.64,931586.CSI
20211217,6821.2707,6878.5144,6886.8161,6818.7894,42981291.99,931586.CSI
20211216,6897.336,6854.5798,6897.336,6828.7231,41195510.06,931586.CSI
20211215,6854.1299,6862.5624,6902.4492,6852.2019,37448014.73,931586.CSI
20211214,6880.3169,6925.2286,6932.872,6865.0378,44463047.35,931586.CSI
20211213,6944.3834,6950.9818,7039.6058,6940.9135,59677826.82,931586.CSI
20211210,6902.0497,6898.3707,6925.3022,6870.3221,58407390.43,931586.CSI
20211209,6937.2567,6838.5728,6986.0941,6836.742,66167622.75,931586.CSI
20211208,6832.6204,6774.9673,6834.2613,6725.3559,52042663.17,931586.CSI
20211207,6764.0082,6743.6645,6777.8347,6713.406,61881887.28,931586.CSI
20211206,6685.9015,6682.8861,6753.7318,6678.4861,58362131.29,931586.CSI
20211203,6660.3554,6601.7509,6660.3554,6576.6349,46827636.11,931586.CSI
20211202,6601.7271,6558.2308,6616.1437,6542.0236,47205567.68,931586.CSI
20211201,6568.8899,6509.0699,6569.0368,6508.9274,39106947.64,931586.CSI
20211130,6513.2962,6540.9453,6571.9642,6486.5173,39110541.56,931586.CSI
20211129,6536.6616,6506.079,6536.6616,6501.168,39809574.6,931586.CSI
20211126,6560.005,6623.2694,6623.3043,6556.1977,35804180.14,931586.CSI
20211125,6636.9595,6673.5207,6680.0461,6633.3638,35143852.75,931586.CSI
20211124,6672.4992,6655.9854,6695.8591,6641.3954,37926465.81,931586.CSI
20211123,6652.1025,6623.9598,6663.7498,6610.4633,43839147.31,931586.CSI
20211122,6633.2935,6657.6304,6667.3842,6629.8985,44264263.77,931586.CSI
20211119,6656.7039,6553.3233,6663.6169,6549.2038,44998144.19,931586.CSI
20211118,6555.1331,6612.4757,6612.4757,6553.8542,35473340.8,931586.CSI
20211117,6624.5648,6627.146,6645.4931,6607.7551,33840403.72,931586.CSI
20211116,6636.9119,6655.8758,6694.8067,6629.2347,40372513.58,931586.CSI
20211115,6659.4972,6652.7996,6670.8456,6630.2231,38450165.63,931586.CSI
20211112,6648.4131,6683.3607,6683.3607,6624.9903,45826440.49,931586.CSI
20211111,6686.592,6525.4203,6688.2873,6518.4437,61796254.4,931586.CSI
20211110,6532.0782,6540.9502,6540.9502,6455.4604,47521178.66,931586.CSI
20211109,6554.0238,6585.1002,6591.4715,6526.0346,38421767.98,931586.CSI
20211108,6578.161,6588.9155,6603.4124,6555.2964,40386797.84,931586.CSI
20211105,6585.759,6578.7601,6630.2683,6572.805,46359893.4,931586.CSI
20211104,6597.9881,6585.8857,6608.5715,6570.931,40176087.67,931586.CSI
20211103,6571.7603,6575.0903,6609.3115,6549.3023,41574023.51,931586.CSI
20211102,6587.354,6676.669,6698.8662,6531.0414,63941319.69,931586.CSI
20211101,6678.2344,6626.963,6699.0908,6609.928,58388978.6,931586.CSI
20211029,6648.9473,6620.7824,6649.0913,6589.1135,56909169.7,931586.CSI
20211028,6621.9122,6659.6374,6670.9335,6599.2691,49792501.91,931586.CSI
20211027,6683.9342,6759.1289,6759.1289,6668.3236,48905025.66,931586.CSI
20211026,6783.02,6825.0888,6854.0819,6776.543,43766094.87,931586.CSI
20211025,6833.2228,6817.5474,6838.9287,6782.5111,46895664.73,931586.CSI
20211022,6863.1158,6829.123,6894.7526,6821.0575,51106382.51,931586.CSI
20211021,6817.0379,6771.1939,6842.0691,6765.9952,51692344.98,931586.CSI
20211020,6757.591,6788.6145,6810.8057,6750.7647,44336687.1,931586.CSI
20211019,6783.2681,6720.2978,6796.5006,6717.2166,42156776.4,931586.CSI
20211018,6730.4384,6793.8359,6793.8359,6696.6414,46151699.6,931586.CSI
20211015,6797.6512,6782.0713,6822.1202,6768.7991,44666399.82,931586.CSI
20211014,6788.7083,6839.523,6856.3728,6784.81,35044294.39,931586.CSI
20211013,6847.6117,6838.3914,6868.1485,6777.0304,45847048.28,931586.CSI
20211012,6848.3414,6891.3625,6897.909,6794.676,59900599.36,931586.CSI
20211011,6916.5725,6902.505,6966.6836,6900.9326,55985735.82,931586.CSI
20211008,6883.3359,6851.1475,6884.3776,6831.4313,59391278.29,931586.CSI
20210930,6777.9462,6779.7595,6802.4987,6745.7792,54003617.4,931586.CSI
20210929,6770.4398,6791.2746,6813.886,6725.8356,70540311.29,931586.CSI
20210928,6841.4117,6779.6621,6851.5631,6767.3587,71401943.72,931586.CSI
20210927,6773.1882,6795.2748,6842.4198,6744.6725,76713533.9,931586.CSI
20210924,6767.1797,6804.5097,6861.1829,6758.5713,70245977.4,931586.CSI
20210923,6815.8679,6796.8729,6877.5818,6783.1686,78662013.07,931586.CSI
20210922,6752.5351,6632.7038,6763.281,6627.8241,73212717.66,931586.CSI
20210917,6748.4325,6712.0913,6750.3191,6685.3448,64090865.3,931586.CSI
20210916,6730.1886,6792.1178,6819.0797,6721.383,71926883.86,931586.CSI
20210915,6787.4042,6823.0456,6848.7505,6754.7701,66563830.7,931586.CSI
20210914,6848.153,7011.0799,7014.2954,6837.2538,88864110.96,931586.CSI
20210913,7011.1051,6953.9336,7021.3298,6941.374,81416527.95,931586.CSI
20210910,6962.8625,6940.1125,7060.5808,6937.6929,93969834.85,931586.CSI
20210909,6942.1227,6886.0767,6944.2667,6866.3492,86788408.31,931586.CSI
20210908,6914.9802,6888.4782,6943.6394,6880.4966,85929604.05,931586.CSI
20210907,6913.9077,6817.6045,6933.7548,6779.9743,86968723.97,931586.CSI
20210906,6826.9295,6753.2202,6855.2713,6751.5131,80806588.43,931586.CSI
20210903,6746.1736,6751.6693,6795.0003,6671.3338,86437145.47,931586.CSI
20210902,6733.8498,6678.3731,6735.1735,6657.8082,85788476.82,931586.CSI
20210901,6681.7654,6473.529,6713.0505,6470.3212,113065560.11,931586.CSI
20210831,6472.727,6384.8544,6473.6024,6369.0504,81571635.78,931586.CSI
20210830,6395.486,6484.8579,6488.1662,6365.2284,66537342.06,931586.CSI
20210827,6471.732,6441.5051,6510.8822,6439.9301,50165722.83,931586.CSI
20210826,6441.5462,6535.0864,6535.0864,6438.2386,55418560.32,931586.CSI
20210825,6541.269,6552.3103,6563.8225,6521.1073,54496466.85,931586.CSI
20210824,6548.3405,6519.8078,6569.8403,6495.5798,53488599.32,931586.CSI
20210823,6512.2932,6463.4637,6525.4706,6462.3606,44183120.55,931586.CSI
20210820,6468.3132,6493.4848,6514.337,6402.7549,55268108.98,931586.CSI
20210819,6537.1711,6603.5909,6611.9781,6518.2943,62144071.54,931586.CSI
20210818,6621.782,6509.2259,6627.5747,6491.956,62817430.69,931586.CSI
20210817,6521.1931,6610.0554,6661.1343,6509.1312,57824655.07,931586.CSI
20210816,6617.9951,6573.5726,6648.2587,6568.2351,48537850.23,931586.CSI
20210813,6567.9757,6565.7673,6602.3638,6537.7775,40612832.6,931586.CSI
20210812,6580.8786,6628.9298,6643.2232,6576.35,45300399.36,931586.CSI
20210811,6647.0621,6658.2778,6723.1614,6646.0003,62752412.72,931586.CSI
20210810,6651.8783,6562.1185,6653.2145,6508.444,47613523.83,931586.CSI
20210809,6571.9411,6416.1267,6607.0977,6410.0628,55845013.17,931586.CSI
20210806,6437.3777,6436.8994,6437.9965,6395.3847,40862764.04,931586.CSI
20210805,6455.8866,6456.952,6528.1846,6430.2213,48410795.27,931586.CSI
20210804,6486.5567,6494.2233,6503.8943,6464.3395,47082228.44,931586.CSI
20210803,6507.7718,6456.0194,6515.7964,6444.4062,61500409.26,931586.CSI
20210802,6485.7214,6292.3932,6504.9144,6241.1923,65321416.89,931586.CSI
20210730,6318.8541,6329.0688,6341.4673,6268.5016,48417969.06,931586.CSI
20210729,6358.6291,6411.4895,6414.842,6336.4488,49985512.91,931586.CSI
20210728,6338.6861,6297.6764,6360.7541,6260.4777,58660054.96,931586.CSI
20210727,6328.5487,6519.4238,6524.8797,6316.3612,66689931.51,931586.CSI
20210726,6517.1628,6702.3369,6702.3369,6483.1871,69585614.53,931586.CSI
20210723,6720.1818,6770.0345,6771.2229,6715.2851,55058084.88,931586.CSI
20210722,6768.2723,6721.8677,6791.4209,6705.4044,53818129.69,931586.CSI
20210721,6726.8123,6758.8469,6791.3749,6717.1102,44889562.45,931586.CSI
20210720,6748.261,6735.9555,6755.8447,6708.5309,37321351.6,931586.CSI
20210719,6781.2634,6771.8857,6793.6223,6693.2522,43163855.0,931586.CSI
20210716,6779.2848,6802.7389,6818.4388,6772.1202,40519203.24,931586.CSI
20210715,6825.5404,6739.7987,6834.3257,6724.2436,48604720.94,931586.CSI
20210714,6752.1046,6821.3411,6821.5417,6737.8968,47101082.68,931586.CSI
20210713,6827.5353,6791.6021,6835.2664,6775.5499,47310818.55,931586.CSI
20210712,6786.6899,6810.7063,6842.3503,6770.8209,58359666.66,931586.CSI
20210709,6779.5487,6767.959,6789.3347,6737.8762,41804976.37,931586.CSI
20210708,6803.9271,6895.7288,6897.9037,6789.8707,47296201.56,931586.CSI
20210707,6894.1229,6869.6571,6907.3779,6867.1494,37972114.89,931586.CSI
20210706,6901.0178,6856.83,6903.7904,6837.9181,38299603.18,931586.CSI
20210705,6866.2665,6895.1425,6896.681,6821.1184,39172205.18,931586.CSI
20210702,6905.9881,7021.6266,7022.5921,6897.1462,45063040.58,931586.CSI
20210701,7070.4088,7039.8343,7079.4285,6988.3979,42978546.62,931586.CSI
20210630,7016.5791,6991.8807,7021.1537,6979.3441,32619771.07,931586.CSI
20210629,6994.022,7079.0288,7079.0288,6991.727,37981742.32,931586.CSI
20210628,7090.8819,7139.4516,7142.5575,7070.6247,41241011.81,931586.CSI
20210625,7123.045,7040.6839,7136.3361,7039.207,46046108.82,931586.CSI
20210624,7040.7363,7027.731,7042.7628,6999.6204,36509019.93,931586.CSI
20210623,7015.3837,6987.0083,7023.8302,6964.7659,40941403.94,931586.CSI
20210622,6983.473,6969.6834,7013.2213,6946.6043,44346508.69,931586.CSI
20210621,6951.9599,6980.8944,6994.9734,6924.3609,43229037.0,931586.CSI
20210618,7003.6389,7049.6449,7050.8572,6961.3988,44679751.59,931586.CSI
20210617,7068.5009,7094.517,7110.1273,7049.6129,39987912.04,931586.CSI
20210616,7115.9938,7141.1557,7165.3579,7102.4431,41261531.25,931586.CSI
20210615,7141.2182,7223.3754,7223.7956,7118.464,48853586.0,931586.CSI
20210611,7226.4954,7277.846,7278.7817,7203.2455,56332537.88,931586.CSI
20210610,7281.3752,7264.4309,7325.387,7251.9933,41528868.07,931586.CSI
20210609,7259.1541,7251.4449,7284.1978,7245.8862,35110602.43,931586.CSI
20210608,7254.3344,7288.0395,7327.0388,7224.8463,34673530.63,931586.CSI
20210607,7288.0288,7310.6441,7311.0486,7257.6776,34749295.41,931586.CSI
20210604,7321.6081,7281.0645,7382.0482,7273.6514,35125778.2,931586.CSI
20210603,7304.5531,7330.3041,7366.5658,7304.212,34704621.04,931586.CSI
20210602,7329.9344,7382.0974,7383.0764,7301.8035,35910985.55,931586.CSI
20210601,7386.2872,7388.6178,7388.7675,7321.7714,38601456.98,931586.CSI
20210531,7400.285,7422.2611,7422.2611,7346.0152,38375928.02,931586.CSI
20210528,7429.0772,7465.5715,7465.5715,7391.3993,40650250.19,931586.CSI
20210527,7460.3029,7457.5755,7508.1697,7417.735,41034372.33,931586.CSI
20210526,7456.4677,7431.8817,7479.5099,7425.959,47923614.43,931586.CSI
20210525,7421.5357,7252.5183,7428.4277,7243.9392,55402357.86,931586.CSI
20210524,7241.8964,7218.9114,7241.8964,7185.6101,32357797.21,931586.CSI
20210521,7212.6426,7291.2273,7311.5747,7209.775,31947386.79,931586.CSI
20210520,7281.6808,7246.2041,7296.8904,7219.8248,36959075.42,931586.CSI
20210519,7248.4018,7293.8012,7293.8012,7232.2249,33284051.09,931586.CSI
20210518,7310.9246,7306.0864,7314.6885,7273.1671,33850879.76,931586.CSI
20210517,7295.8717,7241.2581,7333.2012,7239.7309,42091273.23,931586.CSI
20210514,7249.6,7136.5286,7251.4432,7101.0091,46480482.42,931586.CSI
20210513,7123.2268,7123.7515,7157.4306,7097.5184,33693704.26,931586.CSI
20210512,7173.3499,7164.6736,7188.8004,7128.4643,34640770.54,931586.CSI
20210511,7185.148,7100.1789,7190.3673,7074.9688,36334918.72,931586.CSI
20210510,7139.198,7139.4524,7144.2389,7078.2552,42559257.99,931586.CSI
20210507,7135.4229,7180.0457,7200.5834,7126.9497,42193564.41,931586.CSI
20210506,7162.1499,7182.0082,7243.032,7143.9108,42802872.65,931586.CSI
20210430,7205.6344,7288.7527,7288.7527,7168.9058,52309322.71,931586.CSI
20210429,7289.4447,7209.011,7294.3668,7201.5149,42433534.32,931586.CSI
20210428,7171.3813,7151.8012,7171.4642,7132.0829,30428899.66,931586.CSI
20210427,7163.1179,7148.3486,7167.4357,7106.5603,29323707.91,931586.CSI
20210426,7150.6319,7266.5404,7278.5182,7145.7794,36181400.85,931586.CSI
20210423,7249.5667,7205.6837,7257.3843,7196.2313,31466641.52,931586.CSI
20210422,7209.1086,7236.8947,7245.3913,7192.4845,32028019.16,931586.CSI
20210421,7228.1017,7201.4471,7243.5296,7188.8232,32002382.02,931586.CSI
20210420,7233.856,7245.9547,7261.069,7225.2527,34454071.62,931586.CSI
20210419,7273.4969,7179.5182,7276.7321,7136.121,41161283.58,931586.CSI
20210416,7180.5083,7148.8294,7195.7089,7120.9997,30118046.05,931586.CSI
20210415,7129.6779,7178.0812,7178.2977,7083.8177,30536398.87,931586.CSI
20210414,7185.5663,7191.4443,7216.1445,7147.7782,28033202.61,931586.CSI
20210413,7180.6778,7222.1307,7249.1977,7158.0408,32504129.03,931586.CSI
20210412,7218.8759,7272.7858,7291.5045,7200.4095,35311365.17,931586.CSI
20210409,7281.1531,7356.8602,7356.8602,7256.2351,30175622.32,931586.CSI
20210408,7360.0439,7335.7387,7383.0185,7316.1512,32604318.99,931586.CSI
20210407,7366.6517,7399.546,7399.546,7322.7722,37191949.66,931586.CSI
20210406,7399.6239,7423.8641,7427.4521,7379.3573,30893602.42,931586.CSI
20210402,7412.9229,7425.6187,7432.436,7384.1914,35195054.16,931586.CSI
20210401,7408.9167,7367.7386,7420.0674,7358.6041,36419390.76,931586.CSI
20210331,7358.4997,7361.1503,7363.2689,7312.3974,42416088.08,931586.CSI
20210330,7359.673,7324.4365,7363.1128,7302.4867,33576701.74,931586.CSI
20210329,7326.1077,7315.1594,7355.9768,7276.0628,38372682.87,931586.CSI
20210326,7305.1591,7232.9699,7322.1566,7232.9699,35558004.23,931586.CSI
20210325,7199.5852,7210.8724,7238.8767,7181.7604,31324130.34,931586.CSI
20210324,7228.5102,7297.5517,7341.3727,7214.521,41379781.99,931586.CSI
20210323,7322.3177,7364.3314,7382.4393,7276.7751,38848028.85,931586.CSI
20210322,7373.3646,7304.3209,7376.7695,7301.9819,43324266.15,931586.CSI
20210319,7297.1605,7390.9,7401.8167,7266.7763,48636858.61,931586.CSI
20210318,7465.1199,7449.5959,7487.0106,7433.1229,37070541.27,931586.CSI
20210317,7438.4045,7460.686,7481.8834,7397.1201,42019132.12,931586.CSI
20210316,7476.2986,7403.038,7477.8737,7377.2675,48634061.05,931586.CSI
20210315,7383.6726,7425.9379,7452.6054,7330.675,57550872.43,931586.CSI
20210312,7459.6295,7434.2204,7469.4127,7387.8058,56772207.03,931586.CSI
