date,open,high,low,close,volume,open_interest,settle,symbol
20191206,1580.0,1585.0,1546.0,1561.0,318030,38922,1566.0,SA0
20191209,1564.0,1591.0,1556.0,1572.0,167478,31568,1571.0,SA0
20191210,1572.0,1634.0,1570.0,1634.0,221672,68176,1613.0,SA0
20191211,1649.0,1674.0,1637.0,1649.0,459154,66020,1656.0,SA0
20191212,1642.0,1654.0,1625.0,1630.0,245622,70048,1642.0,SA0
20191213,1633.0,1639.0,1623.0,1630.0,132320,69386,1632.0,SA0
20191216,1634.0,1659.0,1626.0,1632.0,277650,77498,1642.0,SA0
20191217,1629.0,1636.0,1578.0,1623.0,223740,70596,1622.0,SA0
20191218,1623.0,1650.0,1622.0,1628.0,195192,71800,1636.0,SA0
20191219,1628.0,1641.0,1623.0,1626.0,130952,74830,1633.0,SA0
20191220,1626.0,1630.0,1611.0,1611.0,134436,84124,1620.0,SA0
20191223,1610.0,1616.0,1596.0,1601.0,113058,83368,1606.0,SA0
20191224,1603.0,1614.0,1600.0,1604.0,62084,83068,1607.0,SA0
20191225,1602.0,1610.0,1599.0,1603.0,57878,88032,1604.0,SA0
20191226,1602.0,1617.0,1602.0,1609.0,55730,85764,1611.0,SA0
20191227,1609.0,1629.0,1607.0,1608.0,102264,86076,1619.0,SA0
20191230,1609.0,1636.0,1608.0,1633.0,79116,80286,1623.0,SA0
20191231,1633.0,1643.0,1629.0,1633.0,79146,73396,1635.0,SA0
20200102,1633.0,1641.0,1618.0,1625.0,26179,34862,1631.0,SA0
20200103,1626.0,1634.0,1620.0,1629.0,23178,33974,1627.0,SA0
20200106,1629.0,1646.0,1628.0,1638.0,40966,33327,1637.0,SA0
20200107,1636.0,1640.0,1624.0,1627.0,19256,32570,1631.0,SA0
20200108,1626.0,1638.0,1624.0,1630.0,19972,32306,1631.0,SA0
20200109,1629.0,1635.0,1621.0,1632.0,27286,29476,1629.0,SA0
20200110,1633.0,1675.0,1633.0,1658.0,173405,39616,1661.0,SA0
20200113,1659.0,1661.0,1646.0,1653.0,30481,37522,1654.0,SA0
20200114,1657.0,1660.0,1648.0,1653.0,23832,36145,1653.0,SA0
20200115,1654.0,1691.0,1652.0,1665.0,129730,39110,1675.0,SA0
20200116,1667.0,1679.0,1665.0,1668.0,34266,36492,1671.0,SA0
20200117,1674.0,1684.0,1667.0,1677.0,40310,37576,1678.0,SA0
20200120,1678.0,1680.0,1658.0,1667.0,31571,33031,1667.0,SA0
20200121,1668.0,1674.0,1655.0,1655.0,17726,32381,1663.0,SA0
20200122,1657.0,1657.0,1631.0,1642.0,33941,26024,1641.0,SA0
20200123,1644.0,1651.0,1591.0,1615.0,24597,22223,1623.0,SA0
20200203,1517.0,1546.0,1509.0,1519.0,30443,18012,1523.0,SA0
20200204,1528.0,1570.0,1528.0,1561.0,19994,18788,1551.0,SA0
20200205,1558.0,1569.0,1551.0,1560.0,18788,21591,1559.0,SA0
20200206,1562.0,1577.0,1561.0,1574.0,13995,19533,1568.0,SA0
20200207,1574.0,1609.0,1571.0,1574.0,10599,19840,1577.0,SA0
20200210,1573.0,1577.0,1562.0,1568.0,6875,20067,1571.0,SA0
20200211,1569.0,1581.0,1564.0,1579.0,10022,19745,1574.0,SA0
20200212,1578.0,1588.0,1572.0,1578.0,9233,20825,1581.0,SA0
20200213,1579.0,1587.0,1573.0,1581.0,8057,21245,1580.0,SA0
20200214,1580.0,1583.0,1572.0,1578.0,5604,20935,1577.0,SA0
20200217,1578.0,1588.0,1577.0,1586.0,7310,21231,1582.0,SA0
20200218,1590.0,1595.0,1581.0,1583.0,5105,20735,1585.0,SA0
20200219,1583.0,1590.0,1583.0,1587.0,4483,20201,1586.0,SA0
20200220,1588.0,1590.0,1565.0,1586.0,12495,21448,1581.0,SA0
20200221,1580.0,1588.0,1570.0,1579.0,15823,22350,1578.0,SA0
20200224,1575.0,1590.0,1567.0,1587.0,16435,23054,1579.0,SA0
20200225,1585.0,1637.0,1584.0,1605.0,55706,26495,1614.0,SA0
20200226,1604.0,1607.0,1577.0,1581.0,25077,23636,1593.0,SA0
20200227,1582.0,1585.0,1567.0,1575.0,14567,23227,1575.0,SA0
20200228,1564.0,1574.0,1542.0,1565.0,16218,23638,1565.0,SA0
20200302,1564.0,1592.0,1563.0,1587.0,15366,24188,1584.0,SA0
20200303,1589.0,1600.0,1568.0,1571.0,17940,26232,1582.0,SA0
20200304,1578.0,1580.0,1569.0,1574.0,6538,26030,1574.0,SA0
20200305,1574.0,1575.0,1550.0,1556.0,22192,30653,1560.0,SA0
20200306,1555.0,1558.0,1544.0,1553.0,15316,30629,1552.0,SA0
20200309,1506.0,1538.0,1501.0,1527.0,28000,28458,1521.0,SA0
20200310,1530.0,1549.0,1529.0,1539.0,12592,27834,1538.0,SA0
20200311,1538.0,1600.0,1534.0,1542.0,17821,29006,1547.0,SA0
20200312,1542.0,1542.0,1521.0,1522.0,11058,28249,1529.0,SA0
20200313,1518.0,1528.0,1512.0,1518.0,12744,27301,1518.0,SA0
20200316,1523.0,1527.0,1505.0,1505.0,12752,26933,1517.0,SA0
20200317,1498.0,1504.0,1485.0,1486.0,18207,26308,1492.0,SA0
20200318,1483.0,1498.0,1465.0,1466.0,20790,24613,1477.0,SA0
20200319,1470.0,1470.0,1417.0,1441.0,30540,18124,1441.0,SA0
20200320,1449.0,1461.0,1438.0,1450.0,10459,18107,1450.0,SA0
20200323,1428.0,1437.0,1414.0,1427.0,16260,17809,1427.0,SA0
20200324,1436.0,1436.0,1409.0,1424.0,10593,17939,1425.0,SA0
20200325,1430.0,1436.0,1416.0,1419.0,8409,19100,1424.0,SA0
20200326,1415.0,1415.0,1390.0,1396.0,17336,19349,1399.0,SA0
20200327,1397.0,1398.0,1373.0,1383.0,17010,17179,1385.0,SA0
20200330,1378.0,1378.0,1336.0,1339.0,16340,15509,1355.0,SA0
20200331,1341.0,1385.0,1338.0,1365.0,17787,14244,1362.0,SA0
20200401,1358.0,1376.0,1358.0,1371.0,9293,13715,1369.0,SA0
20200402,1375.0,1395.0,1366.0,1385.0,14396,13511,1382.0,SA0
20200403,1390.0,1390.0,1358.0,1371.0,10470,12316,1373.0,SA0
20200407,1385.0,1394.0,1365.0,1372.0,17635,14424,1380.0,SA0
20200408,1375.0,1385.0,1366.0,1371.0,13159,14944,1377.0,SA0
20200409,1381.0,1387.0,1372.0,1384.0,11607,15957,1380.0,SA0
20200410,1380.0,1382.0,1354.0,1360.0,15982,14764,1373.0,SA0
20200413,1360.0,1371.0,1333.0,1335.0,21407,14757,1353.0,SA0
20200414,1338.0,1350.0,1322.0,1347.0,17725,13995,1334.0,SA0
20200415,1342.0,1388.0,1339.0,1388.0,27746,17123,1378.0,SA0
20200416,1410.0,1429.0,1353.0,1355.0,94765,16569,1397.0,SA0
20200417,1352.0,1369.0,1345.0,1356.0,25382,14278,1359.0,SA0
20200420,1465.0,1518.0,1465.0,1494.0,66396,22265,1495.0,SA0
20200421,1488.0,1496.0,1466.0,1475.0,37925,17617,1478.0,SA0
20200422,1470.0,1474.0,1448.0,1467.0,24142,16069,1464.0,SA0
20200423,1470.0,1498.0,1464.0,1481.0,37329,18384,1485.0,SA0
20200424,1478.0,1487.0,1467.0,1479.0,19080,16657,1478.0,SA0
20200427,1473.0,1491.0,1473.0,1477.0,22680,18012,1484.0,SA0
20200428,1473.0,1476.0,1450.0,1451.0,20400,16044,1460.0,SA0
20200429,1460.0,1473.0,1438.0,1443.0,21238,16713,1451.0,SA0
20200430,1445.0,1455.0,1435.0,1447.0,21061,17090,1444.0,SA0
20200506,1454.0,1468.0,1444.0,1455.0,16923,18331,1456.0,SA0
20200507,1459.0,1462.0,1450.0,1455.0,21916,21216,1455.0,SA0
20200508,1460.0,1460.0,1436.0,1439.0,31153,25143,1447.0,SA0
20200511,1442.0,1442.0,1398.0,1415.0,69326,36782,1420.0,SA0
20200512,1413.0,1430.0,1408.0,1427.0,47911,37320,1416.0,SA0
20200513,1427.0,1447.0,1417.0,1432.0,114667,41542,1435.0,SA0
20200514,1430.0,1436.0,1419.0,1426.0,45571,43160,1428.0,SA0
20200515,1430.0,1443.0,1426.0,1435.0,51114,43365,1435.0,SA0
20200518,1433.0,1456.0,1430.0,1448.0,62285,45394,1444.0,SA0
20200519,1452.0,1461.0,1438.0,1441.0,49213,46682,1451.0,SA0
20200520,1445.0,1453.0,1439.0,1450.0,34252,48352,1446.0,SA0
20200521,1455.0,1457.0,1445.0,1450.0,31711,47827,1451.0,SA0
20200522,1453.0,1453.0,1419.0,1422.0,55575,45729,1432.0,SA0
20200525,1423.0,1443.0,1408.0,1441.0,89474,53466,1424.0,SA0
20200526,1437.0,1474.0,1437.0,1464.0,168659,63692,1460.0,SA0
20200527,1462.0,1478.0,1442.0,1459.0,143875,62853,1462.0,SA0
20200528,1461.0,1469.0,1453.0,1462.0,67318,63681,1462.0,SA0
20200529,1463.0,1487.0,1462.0,1476.0,113378,63420,1477.0,SA0
20200601,1478.0,1485.0,1470.0,1476.0,73196,65972,1477.0,SA0
20200602,1472.0,1477.0,1456.0,1471.0,55997,65245,1467.0,SA0
20200603,1475.0,1486.0,1467.0,1485.0,66616,70443,1477.0,SA0
20200604,1486.0,1490.0,1462.0,1466.0,62867,66454,1475.0,SA0
20200605,1468.0,1472.0,1464.0,1470.0,38833,67928,1468.0,SA0
20200608,1473.0,1478.0,1461.0,1465.0,46291,68469,1468.0,SA0
20200609,1465.0,1466.0,1433.0,1436.0,92815,77795,1444.0,SA0
20200610,1436.0,1445.0,1431.0,1432.0,52148,76735,1438.0,SA0
20200611,1434.0,1437.0,1423.0,1431.0,56704,78165,1431.0,SA0
20200612,1425.0,1444.0,1422.0,1436.0,82328,78201,1437.0,SA0
20200615,1438.0,1455.0,1432.0,1445.0,69314,75135,1443.0,SA0
20200616,1443.0,1452.0,1436.0,1448.0,47576,72362,1446.0,SA0
20200617,1450.0,1453.0,1435.0,1439.0,37906,71122,1443.0,SA0
20200618,1440.0,1442.0,1429.0,1432.0,39807,74366,1434.0,SA0
20200619,1432.0,1440.0,1428.0,1440.0,39607,74033,1434.0,SA0
20200622,1441.0,1445.0,1431.0,1436.0,33064,75951,1437.0,SA0
20200623,1436.0,1438.0,1425.0,1427.0,43906,81595,1430.0,SA0
20200624,1427.0,1429.0,1396.0,1401.0,85340,88835,1413.0,SA0
20200629,1396.0,1407.0,1381.0,1394.0,49057,88970,1396.0,SA0
20200630,1399.0,1405.0,1387.0,1393.0,63634,104267,1396.0,SA0
20200701,1391.0,1394.0,1358.0,1368.0,136548,131469,1372.0,SA0
20200702,1361.0,1372.0,1358.0,1370.0,94822,132989,1365.0,SA0
20200703,1371.0,1380.0,1368.0,1375.0,81952,136119,1374.0,SA0
20200706,1375.0,1383.0,1371.0,1381.0,74235,133618,1377.0,SA0
20200707,1384.0,1384.0,1366.0,1369.0,76403,132320,1377.0,SA0
20200708,1369.0,1392.0,1363.0,1391.0,105402,130400,1384.0,SA0
20200709,1392.0,1398.0,1386.0,1394.0,82673,128600,1393.0,SA0
20200710,1398.0,1399.0,1381.0,1389.0,61809,125166,1390.0,SA0
20200713,1389.0,1416.0,1387.0,1397.0,132818,127433,1400.0,SA0
20200714,1395.0,1403.0,1373.0,1388.0,73759,127141,1390.0,SA0
20200715,1388.0,1395.0,1376.0,1381.0,71106,135329,1385.0,SA0
20200716,1381.0,1384.0,1371.0,1373.0,78860,139668,1378.0,SA0
20200717,1373.0,1380.0,1341.0,1356.0,139887,147726,1361.0,SA0
20200720,1356.0,1357.0,1306.0,1306.0,218647,163018,1321.0,SA0
20200721,1305.0,1317.0,1288.0,1303.0,159512,153568,1305.0,SA0
20200722,1306.0,1340.0,1306.0,1316.0,221633,160126,1322.0,SA0
20200723,1315.0,1332.0,1313.0,1324.0,133985,156365,1323.0,SA0
20200724,1329.0,1332.0,1315.0,1320.0,108624,147568,1323.0,SA0
20200727,1320.0,1336.0,1305.0,1324.0,151598,150622,1323.0,SA0
20200728,1325.0,1332.0,1317.0,1325.0,84488,146118,1324.0,SA0
20200729,1325.0,1335.0,1323.0,1327.0,89609,144201,1328.0,SA0
20200730,1326.0,1329.0,1311.0,1317.0,87141,146841,1319.0,SA0
20200731,1318.0,1338.0,1317.0,1327.0,135911,137879,1327.0,SA0
20200803,1330.0,1381.0,1320.0,1376.0,293414,128611,1359.0,SA0
20200804,1380.0,1414.0,1370.0,1414.0,245596,136050,1401.0,SA0
20200805,1464.0,1466.0,1376.0,1406.0,564186,114919,1418.0,SA0
20200806,1405.0,1437.0,1393.0,1417.0,360804,118091,1415.0,SA0
20200807,1417.0,1472.0,1407.0,1472.0,680537,122089,1454.0,SA0
20200810,1477.0,1504.0,1433.0,1440.0,543128,94969,1465.0,SA0
20200811,1445.0,1491.0,1428.0,1439.0,475479,100505,1463.0,SA0
20200812,1443.0,1443.0,1404.0,1411.0,456488,97038,1416.0,SA0
20200813,1416.0,1426.0,1392.0,1404.0,268310,93238,1408.0,SA0
20200814,1407.0,1416.0,1368.0,1374.0,267395,88112,1391.0,SA0
20200817,1384.0,1384.0,1339.0,1378.0,226357,71709,1360.0,SA0
20200818,1383.0,1397.0,1362.0,1387.0,165890,63900,1378.0,SA0
20200819,1390.0,1410.0,1382.0,1409.0,136583,52656,1396.0,SA0
20200820,1578.0,1597.0,1568.0,1592.0,319413,80958,1586.0,SA0
20200821,1596.0,1643.0,1593.0,1603.0,827133,107024,1619.0,SA0
20200824,1610.0,1652.0,1603.0,1650.0,462414,118041,1629.0,SA0
20200825,1657.0,1692.0,1646.0,1684.0,683336,155645,1674.0,SA0
20200826,1683.0,1687.0,1665.0,1675.0,482841,156257,1675.0,SA0
20200827,1675.0,1697.0,1656.0,1665.0,503056,142464,1672.0,SA0
20200828,1666.0,1694.0,1654.0,1683.0,478192,147295,1675.0,SA0
20200831,1687.0,1742.0,1677.0,1742.0,413361,162613,1723.0,SA0
20200901,1742.0,1783.0,1737.0,1758.0,1126858,199298,1765.0,SA0
20200902,1758.0,1797.0,1751.0,1796.0,650470,222932,1773.0,SA0
20200903,1796.0,1822.0,1766.0,1785.0,1156253,220150,1798.0,SA0
20200904,1784.0,1793.0,1717.0,1765.0,1209113,193678,1757.0,SA0
20200907,1768.0,1799.0,1760.0,1787.0,936643,204083,1781.0,SA0
20200908,1787.0,1793.0,1755.0,1762.0,628240,196580,1774.0,SA0
20200909,1742.0,1757.0,1716.0,1727.0,715152,177412,1736.0,SA0
20200910,1735.0,1763.0,1727.0,1739.0,594268,180506,1746.0,SA0
20200911,1743.0,1779.0,1733.0,1777.0,562991,209848,1752.0,SA0
20200914,1780.0,1784.0,1722.0,1729.0,711297,192285,1751.0,SA0
20200915,1724.0,1736.0,1663.0,1667.0,954666,187157,1685.0,SA0
20200916,1668.0,1686.0,1655.0,1680.0,579997,164974,1671.0,SA0
20200917,1685.0,1694.0,1670.0,1675.0,385235,163169,1681.0,SA0
20200918,1674.0,1723.0,1660.0,1709.0,691367,161583,1696.0,SA0
20200921,1701.0,1713.0,1672.0,1682.0,522787,152737,1689.0,SA0
20200922,1680.0,1736.0,1663.0,1730.0,798410,167676,1707.0,SA0
20200923,1734.0,1756.0,1703.0,1751.0,941224,172447,1731.0,SA0
20200924,1751.0,1762.0,1722.0,1742.0,819403,171897,1742.0,SA0
20200925,1745.0,1746.0,1714.0,1724.0,557074,162065,1726.0,SA0
20200928,1726.0,1754.0,1702.0,1708.0,683743,155879,1728.0,SA0
20200929,1708.0,1719.0,1692.0,1706.0,478342,132498,1705.0,SA0
20200930,1708.0,1727.0,1689.0,1717.0,428975,108618,1710.0,SA0
20201009,1728.0,1736.0,1662.0,1691.0,390337,99910,1684.0,SA0
20201012,1690.0,1733.0,1684.0,1725.0,385050,107079,1705.0,SA0
20201013,1727.0,1749.0,1719.0,1730.0,497586,113375,1735.0,SA0
20201014,1730.0,1737.0,1691.0,1707.0,416474,105664,1710.0,SA0
20201015,1705.0,1717.0,1671.0,1673.0,428960,122705,1694.0,SA0
20201016,1664.0,1689.0,1653.0,1680.0,320956,124059,1675.0,SA0
20201019,1682.0,1690.0,1618.0,1621.0,507078,150836,1654.0,SA0
20201020,1622.0,1638.0,1607.0,1637.0,438062,133614,1624.0,SA0
20201021,1638.0,1640.0,1624.0,1640.0,261978,132703,1631.0,SA0
20201022,1638.0,1652.0,1617.0,1627.0,460800,131714,1632.0,SA0
20201023,1627.0,1638.0,1603.0,1605.0,389766,144318,1623.0,SA0
20201026,1613.0,1624.0,1589.0,1616.0,442500,133759,1611.0,SA0
20201027,1616.0,1625.0,1603.0,1617.0,314484,140656,1614.0,SA0
20201028,1618.0,1623.0,1583.0,1610.0,422039,147640,1603.0,SA0
20201029,1600.0,1610.0,1575.0,1583.0,365211,163958,1589.0,SA0
20201030,1576.0,1591.0,1561.0,1568.0,385750,165684,1575.0,SA0
20201102,1570.0,1608.0,1564.0,1606.0,334362,143046,1587.0,SA0
20201103,1606.0,1607.0,1576.0,1578.0,318447,153795,1592.0,SA0
20201104,1582.0,1586.0,1569.0,1574.0,237688,160226,1578.0,SA0
20201105,1575.0,1582.0,1548.0,1553.0,263322,166462,1565.0,SA0
20201106,1556.0,1582.0,1550.0,1552.0,329785,155381,1565.0,SA0
20201109,1551.0,1558.0,1518.0,1522.0,356757,181560,1535.0,SA0
20201110,1531.0,1538.0,1519.0,1532.0,285072,182214,1528.0,SA0
20201111,1535.0,1553.0,1508.0,1522.0,475795,208698,1532.0,SA0
20201112,1524.0,1528.0,1512.0,1523.0,323892,220280,1520.0,SA0
20201113,1521.0,1546.0,1516.0,1534.0,506963,216606,1535.0,SA0
20201116,1537.0,1561.0,1532.0,1543.0,439664,228616,1544.0,SA0
20201117,1547.0,1556.0,1530.0,1543.0,356970,217121,1544.0,SA0
20201118,1546.0,1551.0,1513.0,1530.0,365558,219027,1530.0,SA0
20201119,1540.0,1554.0,1531.0,1549.0,358960,215545,1543.0,SA0
20201120,1548.0,1549.0,1520.0,1523.0,351418,244543,1533.0,SA0
20201123,1523.0,1528.0,1495.0,1515.0,449005,258863,1511.0,SA0
20201124,1513.0,1519.0,1487.0,1494.0,340815,270862,1502.0,SA0
20201125,1495.0,1504.0,1484.0,1487.0,370222,297370,1492.0,SA0
20201126,1488.0,1497.0,1483.0,1491.0,270277,298118,1492.0,SA0
20201127,1492.0,1526.0,1475.0,1520.0,618823,271156,1512.0,SA0
20201130,1518.0,1518.0,1477.0,1477.0,477460,294968,1497.0,SA0
20201201,1479.0,1484.0,1442.0,1446.0,563582,316523,1460.0,SA0
20201202,1450.0,1461.0,1436.0,1441.0,422758,310710,1449.0,SA0
20201203,1441.0,1451.0,1431.0,1445.0,338700,309808,1442.0,SA0
20201204,1444.0,1472.0,1436.0,1445.0,544692,295276,1451.0,SA0
20201207,1449.0,1458.0,1404.0,1415.0,643858,304528,1429.0,SA0
20201208,1417.0,1431.0,1415.0,1420.0,300658,301776,1422.0,SA0
20201209,1418.0,1433.0,1373.0,1375.0,653554,299329,1404.0,SA0
20201210,1379.0,1384.0,1333.0,1338.0,857737,238401,1349.0,SA0
20201211,1348.0,1368.0,1321.0,1330.0,743066,211001,1346.0,SA0
20201214,1333.0,1396.0,1317.0,1388.0,752160,183161,1353.0,SA0
20201215,1385.0,1398.0,1368.0,1385.0,445041,164039,1381.0,SA0
20201216,1385.0,1406.0,1369.0,1385.0,399769,144004,1385.0,SA0
20201217,1386.0,1431.0,1380.0,1419.0,342511,119987,1407.0,SA0
20201218,1425.0,1438.0,1389.0,1416.0,260309,92943,1417.0,SA0
20201221,1575.0,1671.0,1560.0,1666.0,676768,154014,1628.0,SA0
20201222,1662.0,1662.0,1598.0,1618.0,597527,145775,1628.0,SA0
20201223,1621.0,1648.0,1588.0,1644.0,670551,159107,1628.0,SA0
20201224,1648.0,1676.0,1632.0,1657.0,549553,153827,1658.0,SA0
20201225,1658.0,1673.0,1637.0,1650.0,376755,142231,1657.0,SA0
20201228,1649.0,1682.0,1613.0,1619.0,520031,155199,1651.0,SA0
20201229,1618.0,1637.0,1573.0,1593.0,504509,158982,1603.0,SA0
20201230,1593.0,1607.0,1586.0,1600.0,245679,161163,1596.0,SA0
20201231,1602.0,1625.0,1582.0,1611.0,346772,146448,1605.0,SA0
20210104,1611.0,1636.0,1588.0,1609.0,277664,175758,1606.0,SA0
20210105,1608.0,1627.0,1592.0,1599.0,360539,176301,1609.0,SA0
20210106,1604.0,1650.0,1585.0,1650.0,571014,210459,1619.0,SA0
20210107,1650.0,1682.0,1632.0,1637.0,617212,212951,1654.0,SA0
20210108,1636.0,1652.0,1603.0,1608.0,494790,207560,1630.0,SA0
20210111,1605.0,1608.0,1548.0,1548.0,645432,200965,1566.0,SA0
20210112,1544.0,1549.0,1504.0,1529.0,435317,168567,1525.0,SA0
20210113,1531.0,1538.0,1489.0,1503.0,405275,203248,1510.0,SA0
20210114,1500.0,1530.0,1499.0,1522.0,384261,184047,1516.0,SA0
20210115,1523.0,1553.0,1507.0,1547.0,366232,189980,1528.0,SA0
20210118,1547.0,1560.0,1516.0,1556.0,384912,179372,1541.0,SA0
20210119,1556.0,1562.0,1533.0,1547.0,255603,169153,1546.0,SA0
20210120,1548.0,1584.0,1543.0,1583.0,367880,190121,1565.0,SA0
20210121,1586.0,1586.0,1563.0,1570.0,318968,179100,1572.0,SA0
20210122,1570.0,1593.0,1541.0,1552.0,462432,186020,1567.0,SA0
20210125,1551.0,1578.0,1535.0,1578.0,350135,177269,1556.0,SA0
20210126,1575.0,1588.0,1567.0,1576.0,277251,177929,1577.0,SA0
20210127,1576.0,1593.0,1545.0,1559.0,386605,175753,1567.0,SA0
20210128,1556.0,1607.0,1553.0,1603.0,392145,194993,1582.0,SA0
20210129,1603.0,1626.0,1597.0,1618.0,349662,192350,1612.0,SA0
20210201,1618.0,1629.0,1593.0,1596.0,328247,181081,1610.0,SA0
20210202,1596.0,1628.0,1596.0,1614.0,314575,183088,1615.0,SA0
20210203,1613.0,1640.0,1597.0,1637.0,444357,225743,1619.0,SA0
20210204,1639.0,1643.0,1619.0,1633.0,370563,198208,1632.0,SA0
20210205,1634.0,1639.0,1616.0,1627.0,263482,185306,1628.0,SA0
20210208,1628.0,1653.0,1611.0,1645.0,334484,198042,1630.0,SA0
20210209,1645.0,1647.0,1605.0,1618.0,265757,160540,1623.0,SA0
20210210,1618.0,1630.0,1590.0,1598.0,211327,149675,1610.0,SA0
20210218,1614.0,1668.0,1611.0,1668.0,217829,173175,1643.0,SA0
20210219,1668.0,1674.0,1648.0,1666.0,280189,203728,1661.0,SA0
20210222,1665.0,1745.0,1656.0,1745.0,402630,236481,1703.0,SA0
20210223,1757.0,1804.0,1746.0,1763.0,593440,223086,1773.0,SA0
20210224,1762.0,1797.0,1756.0,1781.0,444727,232740,1778.0,SA0
20210225,1787.0,1867.0,1768.0,1847.0,649527,217560,1827.0,SA0
20210226,1847.0,1876.0,1806.0,1836.0,540893,203859,1839.0,SA0
20210301,1829.0,1931.0,1815.0,1908.0,811305,235743,1890.0,SA0
20210302,1908.0,1941.0,1855.0,1907.0,1127431,246654,1904.0,SA0
20210303,1916.0,1986.0,1897.0,1905.0,1194119,260520,1946.0,SA0
20210304,1905.0,1905.0,1848.0,1848.0,882869,262718,1869.0,SA0
20210305,1840.0,1864.0,1784.0,1841.0,806664,234993,1825.0,SA0
20210308,1860.0,1917.0,1859.0,1917.0,989258,339022,1901.0,SA0
20210309,1926.0,1974.0,1906.0,1942.0,976337,338114,1940.0,SA0
20210310,1950.0,1968.0,1914.0,1963.0,911203,391665,1939.0,SA0
20210311,1975.0,1983.0,1842.0,1892.0,1479792,343179,1894.0,SA0
20210312,1888.0,1918.0,1862.0,1879.0,959480,327234,1887.0,SA0
20210315,1880.0,1942.0,1864.0,1941.0,844215,347615,1896.0,SA0
20210316,1939.0,1959.0,1911.0,1920.0,826139,313262,1938.0,SA0
20210317,1920.0,1999.0,1905.0,1997.0,889991,383200,1946.0,SA0
20210318,2000.0,2010.0,1968.0,1996.0,815399,368473,1989.0,SA0
20210319,1996.0,1997.0,1933.0,1944.0,828676,327782,1971.0,SA0
20210322,1952.0,2002.0,1921.0,1924.0,914102,327349,1964.0,SA0
20210323,1924.0,1943.0,1906.0,1923.0,705414,305694,1923.0,SA0
20210324,1909.0,1931.0,1869.0,1920.0,717727,284785,1896.0,SA0
20210325,1918.0,1926.0,1878.0,1887.0,492124,278061,1898.0,SA0
20210326,1874.0,1913.0,1854.0,1903.0,731001,260038,1879.0,SA0
20210329,1910.0,1926.0,1851.0,1868.0,839041,266469,1889.0,SA0
20210330,1869.0,1892.0,1846.0,1883.0,569060,214650,1869.0,SA0
20210331,1878.0,1909.0,1865.0,1875.0,535415,231260,1886.0,SA0
20210401,1877.0,1926.0,1855.0,1904.0,504680,210133,1886.0,SA0
20210402,1910.0,1955.0,1895.0,1913.0,540750,215423,1923.0,SA0
20210406,1919.0,1933.0,1876.0,1884.0,309215,194351,1901.0,SA0
20210407,1885.0,1895.0,1835.0,1852.0,454549,203117,1869.0,SA0
20210408,1848.0,1857.0,1818.0,1842.0,280322,162985,1840.0,SA0
20210409,1967.0,1972.0,1909.0,1913.0,465412,275217,1937.0,SA0
20210412,1910.0,1916.0,1853.0,1891.0,788942,283910,1882.0,SA0
20210413,1895.0,1926.0,1873.0,1907.0,538376,276808,1898.0,SA0
20210414,1908.0,1936.0,1882.0,1912.0,649058,297720,1906.0,SA0
20210415,1917.0,1924.0,1866.0,1873.0,721073,318803,1900.0,SA0
20210416,1872.0,1916.0,1859.0,1904.0,842496,330577,1896.0,SA0
20210419,1904.0,1981.0,1896.0,1968.0,1250234,356635,1940.0,SA0
20210420,1968.0,1985.0,1956.0,1976.0,610274,348289,1972.0,SA0
20210421,1976.0,1981.0,1929.0,1935.0,823639,342816,1952.0,SA0
20210422,1935.0,1967.0,1909.0,1933.0,861244,353036,1942.0,SA0
20210423,1936.0,1948.0,1916.0,1923.0,815669,358292,1930.0,SA0
20210426,1919.0,1958.0,1910.0,1947.0,929358,347925,1930.0,SA0
20210427,1945.0,2004.0,1932.0,2001.0,827278,367472,1967.0,SA0
20210428,2001.0,2012.0,1987.0,2005.0,752969,362415,2001.0,SA0
20210429,2005.0,2058.0,2005.0,2045.0,899044,350018,2043.0,SA0
20210430,2053.0,2088.0,2025.0,2087.0,693832,333104,2053.0,SA0
20210506,2095.0,2200.0,2087.0,2190.0,582326,346380,2142.0,SA0
20210507,2190.0,2192.0,2143.0,2162.0,816658,338393,2172.0,SA0
20210510,2159.0,2227.0,2077.0,2172.0,1840154,339472,2152.0,SA0
20210511,2175.0,2205.0,2121.0,2152.0,1723572,325630,2164.0,SA0
20210512,2150.0,2278.0,2136.0,2249.0,1807272,339133,2197.0,SA0
20210513,2236.0,2329.0,2158.0,2211.0,2369234,326370,2245.0,SA0
20210514,2215.0,2296.0,2123.0,2201.0,3139810,348650,2216.0,SA0
20210517,2216.0,2301.0,2206.0,2238.0,1885059,464273,2250.0,SA0
20210518,2230.0,2250.0,2187.0,2229.0,1138003,426777,2215.0,SA0
20210519,2227.0,2235.0,2098.0,2131.0,1287800,444161,2157.0,SA0
20210520,2095.0,2115.0,2028.0,2081.0,1329617,436733,2076.0,SA0
20210521,2081.0,2122.0,2062.0,2087.0,968112,439276,2093.0,SA0
20210524,2096.0,2114.0,2036.0,2101.0,832974,422467,2075.0,SA0
20210525,2109.0,2154.0,2076.0,2138.0,726907,400946,2116.0,SA0
20210526,2125.0,2155.0,2109.0,2135.0,584115,392943,2127.0,SA0
20210527,2110.0,2150.0,2090.0,2129.0,717158,399399,2125.0,SA0
20210528,2129.0,2198.0,2119.0,2176.0,643556,388461,2168.0,SA0
20210531,2173.0,2211.0,2161.0,2181.0,475702,381466,2186.0,SA0
20210601,2181.0,2296.0,2162.0,2289.0,530815,399371,2229.0,SA0
20210602,2288.0,2320.0,2260.0,2288.0,539174,406493,2290.0,SA0
20210603,2288.0,2309.0,2234.0,2265.0,566427,393659,2276.0,SA0
20210604,2248.0,2276.0,2216.0,2245.0,492978,373963,2243.0,SA0
20210607,2258.0,2275.0,2232.0,2235.0,429075,359711,2251.0,SA0
20210608,2233.0,2265.0,2189.0,2244.0,556683,391819,2230.0,SA0
20210609,2245.0,2255.0,2197.0,2197.0,473412,382900,2223.0,SA0
20210610,2193.0,2195.0,2139.0,2142.0,606380,427243,2166.0,SA0
20210611,2142.0,2182.0,2134.0,2175.0,392675,383463,2160.0,SA0
20210615,2170.0,2190.0,2130.0,2168.0,261578,399462,2154.0,SA0
20210616,2167.0,2185.0,2146.0,2174.0,309218,387481,2166.0,SA0
20210617,2175.0,2225.0,2166.0,2222.0,516983,385558,2195.0,SA0
20210618,2215.0,2227.0,2163.0,2185.0,491790,370044,2200.0,SA0
20210621,2185.0,2224.0,2183.0,2189.0,325178,349674,2201.0,SA0
20210622,2185.0,2215.0,2155.0,2212.0,422866,365399,2184.0,SA0
20210623,2212.0,2218.0,2171.0,2175.0,418594,367717,2192.0,SA0
20210624,2176.0,2248.0,2174.0,2238.0,515278,359565,2215.0,SA0
20210625,2240.0,2296.0,2230.0,2283.0,404162,368881,2262.0,SA0
20210628,2288.0,2290.0,2222.0,2229.0,348843,352207,2244.0,SA0
20210629,2229.0,2238.0,2194.0,2195.0,289316,352343,2214.0,SA0
20210630,2195.0,2235.0,2191.0,2232.0,253547,349137,2211.0,SA0
20210701,2234.0,2244.0,2182.0,2187.0,345947,355520,2220.0,SA0
20210702,2200.0,2275.0,2194.0,2266.0,414394,346865,2227.0,SA0
20210705,2269.0,2283.0,2250.0,2269.0,267575,345969,2265.0,SA0
20210706,2269.0,2336.0,2263.0,2319.0,417403,364772,2307.0,SA0
20210707,2318.0,2318.0,2250.0,2268.0,402151,329279,2285.0,SA0
20210708,2268.0,2298.0,2260.0,2273.0,324247,308875,2277.0,SA0
20210709,2265.0,2278.0,2232.0,2272.0,320298,291971,2252.0,SA0
20210712,2280.0,2305.0,2251.0,2270.0,330681,299507,2278.0,SA0
20210713,2270.0,2300.0,2266.0,2297.0,271181,294995,2284.0,SA0
20210714,2298.0,2311.0,2272.0,2294.0,274708,296291,2292.0,SA0
20210715,2295.0,2317.0,2238.0,2272.0,388115,285478,2271.0,SA0
20210716,2279.0,2344.0,2251.0,2333.0,419519,313923,2294.0,SA0
20210719,2333.0,2368.0,2296.0,2311.0,397372,283966,2328.0,SA0
20210720,2292.0,2327.0,2282.0,2317.0,268228,268962,2307.0,SA0
20210721,2325.0,2396.0,2320.0,2380.0,460443,309250,2370.0,SA0
20210722,2384.0,2404.0,2366.0,2394.0,287634,301759,2387.0,SA0
20210723,2378.0,2394.0,2329.0,2339.0,319102,283280,2368.0,SA0
20210726,2336.0,2358.0,2312.0,2335.0,267961,266649,2338.0,SA0
20210727,2332.0,2364.0,2260.0,2270.0,324101,237372,2326.0,SA0
20210728,2270.0,2319.0,2270.0,2312.0,189692,221391,2298.0,SA0
20210729,2312.0,2339.0,2307.0,2325.0,144261,197044,2324.0,SA0
20210730,2600.0,2648.0,2587.0,2626.0,351058,291462,2617.0,SA0
20210802,2617.0,2627.0,2538.0,2572.0,447295,294281,2575.0,SA0
20210803,2576.0,2581.0,2506.0,2511.0,416993,314943,2536.0,SA0
20210804,2500.0,2566.0,2491.0,2564.0,360530,317296,2530.0,SA0
20210805,2559.0,2568.0,2505.0,2505.0,354311,330608,2541.0,SA0
20210806,2520.0,2634.0,2510.0,2622.0,605234,374892,2580.0,SA0
20210809,2630.0,2645.0,2592.0,2633.0,436924,374152,2625.0,SA0
20210810,2626.0,2667.0,2620.0,2656.0,365006,380697,2648.0,SA0
20210811,2661.0,2679.0,2641.0,2679.0,330634,382787,2658.0,SA0
20210812,2680.0,2729.0,2653.0,2658.0,610825,383212,2689.0,SA0
20210813,2657.0,2748.0,2652.0,2732.0,688376,435072,2714.0,SA0
20210816,2734.0,2814.0,2732.0,2757.0,823043,454141,2776.0,SA0
20210817,2753.0,2763.0,2718.0,2724.0,667490,441866,2742.0,SA0
20210818,2730.0,2756.0,2685.0,2696.0,615363,431590,2714.0,SA0
20210819,2696.0,2723.0,2645.0,2696.0,810698,420334,2684.0,SA0
20210820,2673.0,2748.0,2655.0,2742.0,747459,439117,2704.0,SA0
20210823,2737.0,2770.0,2703.0,2732.0,768148,410616,2739.0,SA0
20210824,2723.0,2769.0,2720.0,2735.0,613751,401660,2742.0,SA0
20210825,2725.0,2751.0,2685.0,2730.0,838552,403158,2712.0,SA0
20210826,2728.0,2729.0,2646.0,2647.0,882489,413076,2684.0,SA0
20210827,2644.0,2706.0,2630.0,2694.0,703903,411414,2672.0,SA0
20210830,2705.0,2728.0,2682.0,2718.0,624319,392608,2709.0,SA0
20210831,2720.0,2735.0,2678.0,2689.0,584120,392016,2706.0,SA0
20210901,2680.0,2719.0,2662.0,2704.0,629408,393599,2695.0,SA0
20210902,2705.0,2752.0,2676.0,2687.0,704540,382585,2706.0,SA0
20210903,2690.0,2739.0,2682.0,2727.0,582100,382916,2715.0,SA0
20210906,2731.0,2759.0,2713.0,2739.0,578127,381994,2736.0,SA0
20210907,2739.0,2892.0,2727.0,2865.0,981645,421265,2807.0,SA0
20210908,2865.0,2937.0,2853.0,2903.0,897369,448107,2897.0,SA0
20210909,2897.0,3018.0,2891.0,2984.0,1045360,442294,2953.0,SA0
20210910,2980.0,3062.0,2956.0,2964.0,1098382,433720,3017.0,SA0
20210913,2982.0,3030.0,2935.0,2958.0,982311,429077,2985.0,SA0
20210914,2960.0,2966.0,2865.0,2882.0,1084129,393275,2908.0,SA0
20210915,2873.0,2931.0,2816.0,2888.0,1124480,403098,2867.0,SA0
20210916,2888.0,3009.0,2846.0,3000.0,1295993,419020,2933.0,SA0
20210917,2998.0,3055.0,2856.0,2912.0,1415856,366713,2964.0,SA0
20210922,3015.0,3183.0,3015.0,3174.0,832210,389430,3101.0,SA0
20210923,3179.0,3244.0,3147.0,3216.0,1069459,379532,3196.0,SA0
20210924,3217.0,3224.0,3049.0,3118.0,1142899,358898,3133.0,SA0
20210927,3149.0,3384.0,3117.0,3384.0,972809,397115,3271.0,SA0
20210928,3399.0,3453.0,3312.0,3390.0,1042005,354632,3375.0,SA0
20210929,3389.0,3477.0,3359.0,3435.0,842535,361373,3416.0,SA0
20210930,3439.0,3515.0,3371.0,3512.0,672775,325542,3425.0,SA0
20211008,3471.0,3475.0,3232.0,3362.0,627452,304757,3328.0,SA0
20211011,3355.0,3544.0,3320.0,3500.0,863206,316384,3452.0,SA0
20211012,3490.0,3648.0,3443.0,3583.0,1116515,292034,3550.0,SA0
20211013,3589.0,3635.0,3309.0,3478.0,1199736,290003,3538.0,SA0
20211014,3479.0,3530.0,3300.0,3430.0,1155144,284559,3414.0,SA0
20211015,3430.0,3461.0,3325.0,3435.0,996262,284274,3390.0,SA0
20211018,3448.0,3580.0,3404.0,3570.0,981999,282135,3503.0,SA0
20211019,3570.0,3577.0,3431.0,3459.0,831173,264807,3502.0,SA0
20211020,3427.0,3461.0,3221.0,3221.0,1198598,287845,3301.0,SA0
20211021,3220.0,3363.0,3058.0,3134.0,1147791,281355,3272.0,SA0
20211022,3101.0,3168.0,3010.0,3010.0,367409,269894,3079.0,SA0
20211025,2929.0,2947.0,2740.0,2828.0,1498472,203035,2827.0,SA0
20211026,2835.0,2861.0,2627.0,2778.0,1238634,189528,2754.0,SA0
20211027,2790.0,2864.0,2707.0,2833.0,1446099,216009,2799.0,SA0
20211028,2856.0,2915.0,2668.0,2860.0,2105156,236708,2781.0,SA0
20211029,2864.0,2914.0,2734.0,2801.0,1254986,236154,2852.0,SA0
20211101,2768.0,2785.0,2590.0,2604.0,1365190,328263,2674.0,SA0
20211102,2610.0,2671.0,2435.0,2563.0,1159626,314486,2581.0,SA0
20211103,2565.0,2818.0,2485.0,2802.0,1478867,375719,2628.0,SA0
20211104,2791.0,2800.0,2605.0,2638.0,1337625,352229,2706.0,SA0
20211105,2653.0,2673.0,2513.0,2565.0,1045565,354477,2570.0,SA0
20211108,2570.0,2651.0,2476.0,2513.0,1059466,381167,2547.0,SA0
20211109,2507.0,2605.0,2465.0,2560.0,921769,351657,2540.0,SA0
20211110,2520.0,2539.0,2412.0,2512.0,937637,353573,2482.0,SA0
20211111,2520.0,2720.0,2487.0,2684.0,764190,352913,2600.0,SA0
20211112,2670.0,2685.0,2503.0,2527.0,733616,335160,2593.0,SA0
20211115,2503.0,2565.0,2455.0,2497.0,597287,352825,2510.0,SA0
20211116,2519.0,2615.0,2474.0,2544.0,578093,326773,2537.0,SA0
20211117,2544.0,2620.0,2506.0,2607.0,596495,350271,2565.0,SA0
20211118,2611.0,2650.0,2570.0,2586.0,500893,329525,2604.0,SA0
20211119,2580.0,2750.0,2561.0,2699.0,659495,356377,2649.0,SA0
20211122,2650.0,2765.0,2649.0,2684.0,425661,315922,2707.0,SA0
20211123,2405.0,2469.0,2391.0,2412.0,436149,123760,2433.0,SA0
20211124,2414.0,2495.0,2405.0,2492.0,454394,146034,2457.0,SA0
20211125,2491.0,2517.0,2435.0,2469.0,447203,150217,2472.0,SA0
20211126,2464.0,2467.0,2364.0,2366.0,459975,158036,2412.0,SA0
20211129,2340.0,2465.0,2331.0,2455.0,470809,173591,2420.0,SA0
20211130,2462.0,2482.0,2391.0,2417.0,468631,176054,2437.0,SA0
20211201,2413.0,2625.0,2413.0,2588.0,730361,220211,2525.0,SA0
20211202,2600.0,2643.0,2531.0,2538.0,862912,221890,2575.0,SA0
20211203,2506.0,2570.0,2467.0,2523.0,928630,226611,2520.0,SA0
20211206,2527.0,2571.0,2470.0,2561.0,854273,241433,2532.0,SA0
20211207,2561.0,2635.0,2546.0,2552.0,640514,305588,2585.0,SA0
20211208,2555.0,2562.0,2378.0,2378.0,865734,331475,2457.0,SA0
20211209,2350.0,2353.0,2229.0,2238.0,911953,389469,2277.0,SA0
20211210,2234.0,2265.0,2192.0,2258.0,698435,390385,2238.0,SA0
20211213,2258.0,2300.0,2200.0,2288.0,795330,390558,2254.0,SA0
20211214,2281.0,2327.0,2263.0,2304.0,628393,352968,2296.0,SA0
20211215,2304.0,2323.0,2215.0,2223.0,748856,393142,2279.0,SA0
20211216,2220.0,2342.0,2216.0,2327.0,772305,349188,2279.0,SA0
20211217,2331.0,2386.0,2318.0,2374.0,633096,357562,2352.0,SA0
20211220,2385.0,2390.0,2261.0,2285.0,763700,353672,2329.0,SA0
20211221,2281.0,2357.0,2273.0,2335.0,774745,341350,2316.0,SA0
20211222,2336.0,2365.0,2303.0,2329.0,685471,353803,2334.0,SA0
20211223,2329.0,2350.0,2291.0,2318.0,647754,359103,2325.0,SA0
20211224,2310.0,2335.0,2256.0,2293.0,821118,396662,2300.0,SA0
20211227,2287.0,2307.0,2242.0,2285.0,623271,373635,2277.0,SA0
20211228,2285.0,2324.0,2267.0,2285.0,547613,366401,2294.0,SA0
20211229,2293.0,2321.0,2265.0,2286.0,572056,386090,2295.0,SA0
20211230,2280.0,2286.0,2231.0,2243.0,616988,416149,2270.0,SA0
20211231,2237.0,2244.0,2175.0,2183.0,735947,458972,2216.0,SA0
20220104,2192.0,2230.0,2160.0,2221.0,537751,419323,2201.0,SA0
20220105,2221.0,2255.0,2215.0,2250.0,510491,392877,2237.0,SA0
20220106,2252.0,2316.0,2231.0,2312.0,621871,375321,2269.0,SA0
20220107,2312.0,2348.0,2305.0,2337.0,518884,365808,2323.0,SA0
20220110,2340.0,2415.0,2340.0,2413.0,684995,381333,2371.0,SA0
20220111,2413.0,2485.0,2396.0,2470.0,755232,423407,2442.0,SA0
20220112,2470.0,2495.0,2461.0,2486.0,544231,397053,2478.0,SA0
20220113,2490.0,2577.0,2452.0,2461.0,1128635,440698,2520.0,SA0
20220114,2462.0,2597.0,2462.0,2593.0,1018299,440895,2534.0,SA0
20220117,2590.0,2603.0,2521.0,2553.0,890843,425761,2553.0,SA0
20220118,2553.0,2567.0,2507.0,2558.0,747583,405968,2542.0,SA0
20220119,2569.0,2621.0,2540.0,2596.0,963395,451917,2586.0,SA0
20220120,2592.0,2608.0,2559.0,2574.0,681078,425337,2583.0,SA0
20220121,2574.0,2746.0,2574.0,2712.0,1217868,515217,2663.0,SA0
20220124,2717.0,2745.0,2672.0,2685.0,779701,429829,2701.0,SA0
20220125,2678.0,2730.0,2642.0,2700.0,935253,452251,2678.0,SA0
20220126,2705.0,2771.0,2686.0,2768.0,863903,478501,2733.0,SA0
20220127,2777.0,2853.0,2768.0,2849.0,772795,444911,2807.0,SA0
20220128,2860.0,2903.0,2818.0,2880.0,716992,385914,2857.0,SA0
20220207,2926.0,3004.0,2873.0,2968.0,488748,392188,2954.0,SA0
20220208,2959.0,3009.0,2938.0,2987.0,672681,424263,2976.0,SA0
20220209,2977.0,2983.0,2911.0,2957.0,846352,446759,2948.0,SA0
20220210,2953.0,3177.0,2926.0,3125.0,1222354,566788,3053.0,SA0
20220211,3137.0,3155.0,2958.0,2973.0,1379897,540516,3070.0,SA0
20220214,2991.0,2992.0,2868.0,2954.0,1638250,538977,2933.0,SA0
20220215,2930.0,2930.0,2778.0,2867.0,1614468,514267,2845.0,SA0
20220216,2866.0,2956.0,2848.0,2912.0,1135304,494928,2902.0,SA0
20220217,2918.0,2918.0,2754.0,2756.0,1289792,489390,2829.0,SA0
20220218,2735.0,2845.0,2725.0,2803.0,1029289,451614,2789.0,SA0
20220221,2808.0,2919.0,2782.0,2912.0,1204344,509685,2828.0,SA0
20220222,2900.0,2947.0,2850.0,2854.0,1212745,490629,2905.0,SA0
20220223,2850.0,2907.0,2824.0,2876.0,1046799,470864,2868.0,SA0
20220224,2870.0,2891.0,2767.0,2787.0,1215291,502544,2832.0,SA0
20220225,2780.0,2816.0,2605.0,2605.0,1288640,477566,2713.0,SA0
20220228,2605.0,2640.0,2545.0,2593.0,1230791,492211,2603.0,SA0
20220301,2593.0,2621.0,2522.0,2605.0,1258804,461135,2574.0,SA0
20220302,2618.0,2737.0,2593.0,2669.0,1308997,458183,2658.0,SA0
20220303,2672.0,2758.0,2637.0,2736.0,1074476,404458,2701.0,SA0
20220304,2730.0,2755.0,2665.0,2708.0,829941,375897,2710.0,SA0
20220307,2728.0,2849.0,2710.0,2749.0,878251,404979,2770.0,SA0
20220308,2720.0,2739.0,2548.0,2652.0,1381163,425175,2639.0,SA0
20220309,2634.0,2691.0,2476.0,2505.0,1170424,425442,2585.0,SA0
20220310,2464.0,2688.0,2451.0,2642.0,1139806,382640,2601.0,SA0
20220311,2645.0,2665.0,2554.0,2573.0,845151,362923,2605.0,SA0
20220314,2550.0,2575.0,2427.0,2450.0,879367,373422,2500.0,SA0
20220315,2450.0,2531.0,2435.0,2449.0,794314,353180,2475.0,SA0
20220316,2430.0,2508.0,2411.0,2453.0,731419,369113,2460.0,SA0
20220317,2459.0,2474.0,2396.0,2457.0,750730,358201,2440.0,SA0
20220318,2459.0,2530.0,2435.0,2526.0,610106,339450,2473.0,SA0
20220321,2509.0,2544.0,2432.0,2451.0,700385,360400,2491.0,SA0
20220322,2443.0,2516.0,2421.0,2481.0,499108,318696,2475.0,SA0
20220323,2485.0,2564.0,2480.0,2559.0,590040,316507,2522.0,SA0
20220324,2596.0,2662.0,2579.0,2611.0,529790,285064,2623.0,SA0
20220325,2780.0,2951.0,2773.0,2905.0,1141083,299536,2876.0,SA0
20220328,2878.0,2941.0,2856.0,2907.0,1044272,330974,2905.0,SA0
20220329,2908.0,2989.0,2871.0,2970.0,1499830,401682,2925.0,SA0
20220330,2939.0,3039.0,2915.0,3025.0,1524904,448293,2986.0,SA0
20220331,3036.0,3061.0,2967.0,3014.0,1479658,446940,3016.0,SA0
20220401,2993.0,3055.0,2953.0,3040.0,1429861,584642,3010.0,SA0
20220406,3009.0,3070.0,2938.0,2941.0,1005334,528312,3018.0,SA0
20220407,2945.0,2964.0,2886.0,2916.0,1438340,575040,2925.0,SA0
20220408,2916.0,2948.0,2880.0,2944.0,1025673,557101,2925.0,SA0
20220411,2952.0,2968.0,2889.0,2947.0,1136255,601610,2931.0,SA0
20220412,2940.0,3124.0,2925.0,3099.0,1579867,710699,3033.0,SA0
20220413,3105.0,3126.0,3065.0,3081.0,1152655,658636,3095.0,SA0
20220414,3095.0,3205.0,3066.0,3138.0,1510468,702827,3130.0,SA0
20220415,3140.0,3195.0,3112.0,3135.0,1100192,636405,3155.0,SA0
20220418,3130.0,3262.0,3092.0,3244.0,1262204,675904,3173.0,SA0
20220419,3242.0,3269.0,3188.0,3213.0,852117,598812,3230.0,SA0
20220420,3200.0,3250.0,3093.0,3107.0,1339060,593385,3179.0,SA0
20220421,3108.0,3133.0,3065.0,3110.0,919594,572194,3099.0,SA0
20220422,3096.0,3136.0,3053.0,3106.0,1047562,602175,3103.0,SA0
20220425,3104.0,3117.0,2873.0,2893.0,1557415,556816,2997.0,SA0
20220426,2881.0,2951.0,2825.0,2884.0,1250075,564689,2893.0,SA0
20220427,2890.0,2992.0,2890.0,2966.0,1241304,575633,2943.0,SA0
20220428,2966.0,3020.0,2922.0,3012.0,1070252,576132,2972.0,SA0
20220429,3010.0,3028.0,2954.0,3004.0,899772,531863,2985.0,SA0
20220505,2990.0,3073.0,2923.0,3061.0,879241,607661,3005.0,SA0
20220506,3067.0,3077.0,2977.0,2982.0,994963,601290,3026.0,SA0
20220509,2982.0,3016.0,2917.0,2928.0,1280886,648437,2963.0,SA0
20220510,2900.0,2916.0,2700.0,2778.0,1704663,632528,2798.0,SA0
20220511,2786.0,2870.0,2752.0,2855.0,1135636,595254,2812.0,SA0
20220512,2840.0,2877.0,2747.0,2781.0,1310483,613375,2811.0,SA0
20220513,2766.0,2826.0,2751.0,2807.0,1083610,546646,2790.0,SA0
20220516,2812.0,2885.0,2774.0,2874.0,1005546,578037,2833.0,SA0
20220517,2882.0,2917.0,2834.0,2851.0,915789,544646,2869.0,SA0
20220518,2860.0,2878.0,2814.0,2818.0,1015389,579644,2854.0,SA0
20220519,2828.0,2951.0,2802.0,2947.0,1297453,674024,2871.0,SA0
20220520,2942.0,3016.0,2927.0,2986.0,1077613,649437,2971.0,SA0
20220523,2985.0,2995.0,2876.0,2928.0,1195847,616124,2938.0,SA0
20220524,2911.0,2941.0,2885.0,2902.0,1003909,581900,2913.0,SA0
20220525,2918.0,2990.0,2904.0,2987.0,1284125,667975,2946.0,SA0
20220526,2980.0,3019.0,2920.0,2999.0,1385504,688566,2967.0,SA0
20220527,2999.0,3084.0,2988.0,3041.0,1075686,661813,3030.0,SA0
20220530,3035.0,3112.0,3027.0,3072.0,858149,623015,3071.0,SA0
20220531,3074.0,3133.0,3056.0,3078.0,937468,633047,3092.0,SA0
20220601,3084.0,3110.0,3062.0,3097.0,783717,607549,3088.0,SA0
20220602,3101.0,3127.0,3058.0,3127.0,827438,638531,3089.0,SA0
20220606,3125.0,3140.0,3018.0,3033.0,890547,658283,3075.0,SA0
20220607,3031.0,3108.0,3030.0,3064.0,821410,625967,3070.0,SA0
20220608,3053.0,3122.0,3036.0,3098.0,753734,628208,3079.0,SA0
20220609,3098.0,3165.0,3043.0,3048.0,1069234,647144,3112.0,SA0
20220610,3042.0,3063.0,2993.0,3010.0,892387,631959,3024.0,SA0
20220613,3010.0,3039.0,2960.0,3025.0,695677,599910,3017.0,SA0
20220614,3025.0,3042.0,2879.0,2914.0,1130990,658725,2941.0,SA0
20220615,2910.0,2949.0,2876.0,2908.0,836081,595067,2912.0,SA0
20220616,2908.0,2945.0,2901.0,2910.0,675866,601967,2920.0,SA0
20220617,2895.0,2900.0,2810.0,2887.0,1078500,643760,2860.0,SA0
20220620,2900.0,2912.0,2838.0,2872.0,1115654,632870,2878.0,SA0
20220621,2860.0,2876.0,2732.0,2760.0,1399478,653443,2792.0,SA0
20220622,2760.0,2800.0,2642.0,2661.0,1105792,624201,2716.0,SA0
20220623,2667.0,2754.0,2650.0,2747.0,1151157,646178,2703.0,SA0
20220624,2756.0,2773.0,2693.0,2711.0,981783,605824,2734.0,SA0
20220627,2725.0,2785.0,2664.0,2755.0,961630,619715,2731.0,SA0
20220628,2765.0,2846.0,2751.0,2843.0,855961,585586,2789.0,SA0
20220629,2837.0,2908.0,2812.0,2873.0,925614,645022,2857.0,SA0
20220630,2888.0,2902.0,2853.0,2862.0,677142,569013,2876.0,SA0
20220701,2848.0,2856.0,2742.0,2744.0,1098132,609639,2803.0,SA0
20220704,2761.0,2782.0,2668.0,2712.0,956022,519074,2720.0,SA0
20220705,2715.0,2742.0,2672.0,2674.0,845767,538960,2708.0,SA0
20220706,2640.0,2666.0,2555.0,2656.0,1077088,544793,2614.0,SA0
20220707,2663.0,2733.0,2613.0,2671.0,1043073,524080,2668.0,SA0
20220708,2688.0,2727.0,2551.0,2555.0,1000349,546609,2657.0,SA0
20220711,2550.0,2576.0,2458.0,2552.0,1173582,577914,2523.0,SA0
20220712,2550.0,2575.0,2436.0,2446.0,1021005,543931,2514.0,SA0
20220713,2431.0,2502.0,2412.0,2481.0,1094374,572028,2454.0,SA0
20220714,2450.0,2513.0,2431.0,2435.0,941251,508273,2472.0,SA0
20220715,2413.0,2505.0,2402.0,2452.0,968831,509666,2460.0,SA0
20220718,2467.0,2578.0,2464.0,2574.0,992955,511756,2521.0,SA0
20220719,2572.0,2606.0,2436.0,2448.0,958004,520142,2521.0,SA0
20220720,2434.0,2540.0,2423.0,2507.0,925934,498202,2479.0,SA0
20220721,2515.0,2539.0,2441.0,2476.0,826652,479283,2489.0,SA0
20220722,2455.0,2566.0,2444.0,2541.0,901977,484717,2510.0,SA0
20220725,2560.0,2602.0,2482.0,2530.0,802021,435617,2541.0,SA0
20220726,2544.0,2595.0,2532.0,2580.0,626221,421773,2563.0,SA0
20220727,2595.0,2631.0,2558.0,2573.0,519034,408775,2580.0,SA0
20220728,2575.0,2622.0,2546.0,2613.0,654315,411348,2586.0,SA0
20220729,2603.0,2678.0,2565.0,2624.0,760979,402565,2622.0,SA0
20220801,2634.0,2669.0,2572.0,2592.0,517212,334735,2622.0,SA0
20220802,2365.0,2402.0,2341.0,2400.0,635208,234797,2371.0,SA0
20220803,2399.0,2423.0,2350.0,2392.0,718015,267233,2392.0,SA0
20220804,2405.0,2410.0,2266.0,2266.0,885545,318389,2341.0,SA0
20220805,2272.0,2292.0,2233.0,2264.0,1004847,365276,2262.0,SA0
20220808,2255.0,2396.0,2245.0,2390.0,1117680,355535,2328.0,SA0
20220809,2382.0,2413.0,2354.0,2380.0,981165,355916,2382.0,SA0
20220810,2392.0,2403.0,2304.0,2331.0,1231419,391652,2349.0,SA0
20220811,2340.0,2399.0,2289.0,2385.0,1390198,394025,2344.0,SA0
20220812,2400.0,2407.0,2346.0,2374.0,1039498,385573,2375.0,SA0
20220815,2360.0,2426.0,2330.0,2349.0,1377841,404975,2376.0,SA0
20220816,2330.0,2374.0,2313.0,2343.0,1016620,406003,2345.0,SA0
20220817,2345.0,2358.0,2273.0,2283.0,1306572,451872,2316.0,SA0
20220818,2273.0,2334.0,2267.0,2304.0,1223125,452615,2305.0,SA0
20220819,2315.0,2316.0,2223.0,2238.0,1376689,489353,2264.0,SA0
20220822,2238.0,2367.0,2236.0,2358.0,1531975,488867,2309.0,SA0
20220823,2363.0,2402.0,2337.0,2373.0,1214764,474688,2369.0,SA0
20220824,2375.0,2385.0,2351.0,2365.0,960323,462706,2369.0,SA0
20220825,2367.0,2443.0,2362.0,2373.0,1789330,480643,2404.0,SA0
20220826,2373.0,2423.0,2366.0,2418.0,1134459,503389,2395.0,SA0
20220829,2420.0,2425.0,2344.0,2386.0,1216350,492126,2387.0,SA0
20220830,2394.0,2404.0,2322.0,2338.0,1271002,492649,2365.0,SA0
20220831,2327.0,2384.0,2326.0,2367.0,1094087,507791,2365.0,SA0
20220901,2360.0,2373.0,2305.0,2315.0,1190661,512850,2347.0,SA0
20220902,2310.0,2323.0,2274.0,2302.0,1303844,508121,2303.0,SA0
20220905,2306.0,2350.0,2287.0,2345.0,1222702,493228,2316.0,SA0
20220906,2347.0,2365.0,2280.0,2288.0,1596136,548924,2323.0,SA0
20220907,2274.0,2298.0,2244.0,2279.0,1445867,554338,2272.0,SA0
20220908,2285.0,2303.0,2263.0,2276.0,1156587,543137,2280.0,SA0
20220909,2275.0,2323.0,2273.0,2306.0,1179146,497758,2296.0,SA0
20220913,2325.0,2374.0,2320.0,2360.0,842977,502885,2355.0,SA0
20220914,2360.0,2362.0,2287.0,2306.0,1102063,515241,2321.0,SA0
20220915,2305.0,2330.0,2285.0,2301.0,1156970,523371,2311.0,SA0
20220916,2296.0,2315.0,2266.0,2282.0,1026159,547264,2291.0,SA0
20220919,2283.0,2335.0,2282.0,2307.0,1156215,526452,2316.0,SA0
20220920,2300.0,2339.0,2286.0,2319.0,1175793,526197,2313.0,SA0
20220921,2320.0,2329.0,2282.0,2318.0,1168750,495476,2304.0,SA0
20220922,2315.0,2408.0,2314.0,2399.0,1732277,627540,2368.0,SA0
20220923,2398.0,2419.0,2385.0,2397.0,1224936,604816,2401.0,SA0
20220926,2379.0,2435.0,2371.0,2425.0,1619465,569377,2405.0,SA0
20220927,2430.0,2466.0,2407.0,2466.0,1369149,585009,2431.0,SA0
20220928,2471.0,2484.0,2451.0,2467.0,1123068,559279,2467.0,SA0
20220929,2477.0,2499.0,2442.0,2488.0,1315803,531037,2474.0,SA0
20220930,2498.0,2538.0,2480.0,2537.0,1048076,479275,2505.0,SA0
20221010,2547.0,2558.0,2476.0,2530.0,1016746,493115,2514.0,SA0
20221011,2533.0,2537.0,2472.0,2484.0,983181,519263,2508.0,SA0
20221012,2490.0,2523.0,2479.0,2509.0,1147465,532858,2499.0,SA0
20221013,2503.0,2514.0,2473.0,2485.0,1068872,525213,2493.0,SA0
20221014,2470.0,2503.0,2461.0,2486.0,930134,527413,2486.0,SA0
20221017,2483.0,2490.0,2444.0,2482.0,1200758,533760,2469.0,SA0
20221018,2486.0,2486.0,2428.0,2457.0,1077392,505684,2454.0,SA0
20221019,2450.0,2474.0,2437.0,2448.0,823858,503541,2455.0,SA0
20221020,2448.0,2463.0,2425.0,2436.0,965779,494329,2445.0,SA0
20221021,2440.0,2460.0,2425.0,2432.0,845716,494033,2442.0,SA0
20221024,2428.0,2476.0,2390.0,2391.0,1322149,514916,2434.0,SA0
20221025,2391.0,2405.0,2375.0,2382.0,926234,513264,2390.0,SA0
20221026,2382.0,2421.0,2378.0,2408.0,870031,487187,2405.0,SA0
20221027,2410.0,2440.0,2400.0,2403.0,813448,470216,2419.0,SA0
20221028,2410.0,2411.0,2361.0,2373.0,1076006,482264,2384.0,SA0
20221031,2370.0,2378.0,2282.0,2307.0,1317500,505472,2321.0,SA0
20221101,2307.0,2362.0,2300.0,2353.0,963871,470558,2329.0,SA0
20221102,2359.0,2365.0,2300.0,2328.0,1322736,457697,2331.0,SA0
20221103,2321.0,2343.0,2308.0,2311.0,944944,487272,2322.0,SA0
20221104,2300.0,2406.0,2297.0,2405.0,1336712,492648,2353.0,SA0
20221107,2415.0,2428.0,2362.0,2401.0,1273452,470754,2393.0,SA0
20221108,2401.0,2472.0,2399.0,2469.0,1283421,531581,2438.0,SA0
20221109,2473.0,2496.0,2463.0,2489.0,956427,530089,2478.0,SA0
20221110,2482.0,2534.0,2470.0,2518.0,1239974,561697,2503.0,SA0
20221111,2511.0,2548.0,2506.0,2520.0,1151277,530745,2523.0,SA0
20221114,2525.0,2568.0,2503.0,2514.0,1200311,499989,2533.0,SA0
20221115,2514.0,2546.0,2505.0,2538.0,746850,499939,2527.0,SA0
20221116,2541.0,2594.0,2534.0,2575.0,1017247,546949,2565.0,SA0
20221117,2577.0,2604.0,2556.0,2591.0,1050056,588766,2578.0,SA0
20221118,2593.0,2615.0,2575.0,2610.0,909944,606603,2592.0,SA0
20221121,2608.0,2626.0,2579.0,2620.0,1169433,633864,2601.0,SA0
20221122,2618.0,2643.0,2601.0,2609.0,1028939,625498,2624.0,SA0
20221123,2610.0,2638.0,2598.0,2635.0,882842,647899,2616.0,SA0
20221124,2635.0,2695.0,2632.0,2688.0,1029148,677442,2667.0,SA0
20221125,2685.0,2714.0,2665.0,2710.0,992770,659673,2691.0,SA0
20221128,2710.0,2724.0,2681.0,2699.0,1148858,614900,2701.0,SA0
20221129,2701.0,2728.0,2680.0,2700.0,1015295,553532,2703.0,SA0
20221130,2700.0,2708.0,2678.0,2697.0,672078,513788,2692.0,SA0
20221201,2705.0,2745.0,2688.0,2718.0,695728,482300,2719.0,SA0
20221202,2545.0,2589.0,2528.0,2580.0,1071523,536161,2562.0,SA0
20221205,2588.0,2643.0,2516.0,2519.0,2151701,601046,2582.0,SA0
20221206,2525.0,2534.0,2482.0,2520.0,1549201,608835,2513.0,SA0
20221207,2520.0,2553.0,2497.0,2521.0,1264549,631350,2528.0,SA0
20221208,2525.0,2575.0,2514.0,2570.0,1098273,641528,2535.0,SA0
20221209,2578.0,2655.0,2573.0,2640.0,1356813,671400,2616.0,SA0
20221212,2632.0,2678.0,2632.0,2654.0,1108670,688326,2657.0,SA0
20221213,2651.0,2683.0,2631.0,2660.0,1180241,710852,2654.0,SA0
20221214,2663.0,2677.0,2645.0,2662.0,775258,718148,2662.0,SA0
20221215,2665.0,2754.0,2660.0,2747.0,1331810,778570,2712.0,SA0
20221216,2750.0,2804.0,2715.0,2754.0,1830609,791194,2759.0,SA0
20221219,2754.0,2754.0,2657.0,2677.0,1779336,725577,2694.0,SA0
20221220,2677.0,2753.0,2664.0,2724.0,1796192,746741,2713.0,SA0
20221221,2731.0,2752.0,2714.0,2740.0,1118365,749033,2732.0,SA0
20221222,2750.0,2754.0,2647.0,2648.0,1779324,739806,2698.0,SA0
20221223,2645.0,2656.0,2614.0,2652.0,1621809,717093,2638.0,SA0
20221226,2648.0,2713.0,2629.0,2688.0,1756196,710255,2670.0,SA0
20221227,2695.0,2746.0,2677.0,2730.0,1318449,724564,2709.0,SA0
20221228,2725.0,2751.0,2705.0,2731.0,1089348,725410,2726.0,SA0
20221229,2725.0,2734.0,2671.0,2708.0,1429584,694941,2699.0,SA0
20221230,2700.0,2746.0,2680.0,2740.0,1209453,679233,2714.0,SA0
20230103,2740.0,2781.0,2670.0,2769.0,1278023,743632,2728.0,SA0
20230104,2765.0,2789.0,2748.0,2773.0,1072504,773584,2768.0,SA0
20230105,2764.0,2796.0,2751.0,2777.0,1239532,810280,2775.0,SA0
20230106,2782.0,2822.0,2758.0,2819.0,1497050,877428,2792.0,SA0
20230109,2810.0,2827.0,2771.0,2793.0,1299326,837268,2801.0,SA0
20230110,2802.0,2816.0,2753.0,2783.0,1529083,842495,2789.0,SA0
20230111,2787.0,2867.0,2767.0,2863.0,1452176,923643,2816.0,SA0
20230112,2865.0,2909.0,2859.0,2904.0,1174242,962717,2882.0,SA0
20230113,2909.0,2962.0,2903.0,2956.0,1661263,930705,2930.0,SA0
20230116,2950.0,2950.0,2890.0,2919.0,1295361,849955,2918.0,SA0
20230117,2923.0,2946.0,2914.0,2927.0,701163,834564,2928.0,SA0
20230118,2940.0,2983.0,2922.0,2954.0,1072441,813458,2949.0,SA0
20230119,2959.0,2995.0,2952.0,2987.0,927385,814975,2977.0,SA0
20230120,2996.0,3023.0,2986.0,3022.0,660730,770865,3002.0,SA0
20230130,3055.0,3069.0,2966.0,2990.0,866120,794542,3011.0,SA0
20230131,2992.0,3006.0,2939.0,2987.0,1094011,831152,2977.0,SA0
20230201,2988.0,3050.0,2976.0,3012.0,1262888,856656,3013.0,SA0
20230202,3009.0,3032.0,2966.0,2974.0,1327074,838507,2998.0,SA0
20230203,2970.0,3013.0,2926.0,2994.0,1468326,843668,2972.0,SA0
20230206,2995.0,3001.0,2913.0,2969.0,1428128,790823,2959.0,SA0
20230207,2965.0,2973.0,2882.0,2929.0,1513457,772786,2924.0,SA0
20230208,2926.0,2964.0,2919.0,2957.0,1215544,809225,2939.0,SA0
20230209,2963.0,2967.0,2916.0,2929.0,1101628,767562,2939.0,SA0
20230210,2928.0,2941.0,2866.0,2899.0,1670031,761383,2905.0,SA0
20230213,2905.0,2913.0,2845.0,2896.0,1307423,769179,2885.0,SA0
20230214,2895.0,2944.0,2878.0,2936.0,1059945,794675,2910.0,SA0
20230215,2937.0,2947.0,2865.0,2877.0,1226585,752228,2909.0,SA0
20230216,2874.0,2934.0,2872.0,2909.0,1113773,742797,2902.0,SA0
20230217,2914.0,2944.0,2907.0,2928.0,903355,744404,2926.0,SA0
20230220,2915.0,2919.0,2863.0,2891.0,1111558,705816,2883.0,SA0
20230221,2891.0,2988.0,2883.0,2985.0,1255349,771360,2942.0,SA0
20230222,2985.0,2994.0,2963.0,2982.0,773853,762058,2980.0,SA0
20230223,2990.0,2991.0,2954.0,2956.0,735832,705823,2974.0,SA0
20230224,2962.0,2965.0,2905.0,2918.0,930281,650662,2929.0,SA0
20230227,2918.0,2931.0,2891.0,2902.0,762366,644464,2910.0,SA0
20230228,2906.0,2943.0,2904.0,2929.0,800429,665641,2921.0,SA0
20230301,2938.0,2975.0,2914.0,2963.0,843893,682765,2944.0,SA0
20230302,2960.0,2980.0,2944.0,2970.0,635599,705133,2962.0,SA0
20230303,2960.0,2993.0,2946.0,2986.0,663657,698726,2968.0,SA0
20230306,2980.0,2987.0,2914.0,2938.0,1218016,638633,2936.0,SA0
20230307,2937.0,2956.0,2911.0,2919.0,871588,643357,2935.0,SA0
20230308,2920.0,2933.0,2866.0,2888.0,1005379,632602,2902.0,SA0
20230309,2888.0,2918.0,2874.0,2899.0,770947,621194,2896.0,SA0
20230310,2900.0,2946.0,2888.0,2893.0,851535,588521,2916.0,SA0
20230313,2898.0,2929.0,2860.0,2861.0,996404,589966,2893.0,SA0
20230314,2831.0,2871.0,2814.0,2827.0,973735,572162,2844.0,SA0
20230315,2831.0,2881.0,2831.0,2855.0,869378,583547,2859.0,SA0
20230316,2841.0,2852.0,2802.0,2808.0,959484,564125,2827.0,SA0
20230317,2806.0,2855.0,2783.0,2837.0,946774,544528,2818.0,SA0
20230320,2841.0,2871.0,2826.0,2843.0,707106,523555,2848.0,SA0
20230321,2851.0,2869.0,2797.0,2806.0,739678,516509,2836.0,SA0
20230322,2818.0,2842.0,2805.0,2835.0,653486,498943,2820.0,SA0
20230323,2835.0,2847.0,2815.0,2838.0,586243,471558,2831.0,SA0
20230324,2840.0,2879.0,2824.0,2875.0,615274,432391,2847.0,SA0
20230327,2485.0,2548.0,2474.0,2530.0,1458949,622296,2507.0,SA0
20230328,2535.0,2539.0,2491.0,2507.0,997255,634433,2516.0,SA0
20230329,2509.0,2510.0,2436.0,2452.0,1304963,658672,2471.0,SA0
20230330,2447.0,2475.0,2445.0,2466.0,1004576,650280,2461.0,SA0
20230331,2464.0,2489.0,2441.0,2463.0,1204337,642033,2463.0,SA0
20230403,2463.0,2495.0,2426.0,2433.0,1187154,669805,2452.0,SA0
20230404,2433.0,2442.0,2421.0,2440.0,844547,676079,2431.0,SA0
20230406,2440.0,2476.0,2387.0,2408.0,1147073,730529,2426.0,SA0
20230407,2404.0,2440.0,2402.0,2433.0,975435,721824,2423.0,SA0
20230410,2436.0,2449.0,2373.0,2376.0,1132642,754293,2409.0,SA0
20230411,2375.0,2383.0,2323.0,2343.0,1324385,778395,2346.0,SA0
20230412,2350.0,2350.0,2306.0,2330.0,1187803,797167,2325.0,SA0
20230413,2340.0,2344.0,2306.0,2314.0,1099542,810687,2325.0,SA0
20230414,2320.0,2380.0,2316.0,2348.0,1399459,788437,2348.0,SA0
20230417,2352.0,2397.0,2332.0,2369.0,1430383,795304,2362.0,SA0
20230418,2369.0,2388.0,2353.0,2366.0,1015312,791897,2367.0,SA0
20230419,2369.0,2407.0,2315.0,2317.0,1814621,848377,2362.0,SA0
20230420,2295.0,2302.0,2200.0,2220.0,2829611,884898,2240.0,SA0
20230421,2222.0,2251.0,2208.0,2226.0,1859477,845046,2231.0,SA0
20230424,2230.0,2239.0,2126.0,2133.0,2425148,855559,2179.0,SA0
20230425,2135.0,2154.0,2111.0,2121.0,1744684,860643,2130.0,SA0
20230426,2116.0,2172.0,2096.0,2143.0,2206994,811698,2139.0,SA0
20230427,2144.0,2166.0,2122.0,2141.0,1724174,806287,2147.0,SA0
20230428,2141.0,2150.0,2084.0,2094.0,1854744,797037,2120.0,SA0
20230504,2058.0,2093.0,2034.0,2051.0,1453007,844383,2061.0,SA0
20230505,2046.0,2055.0,2013.0,2035.0,1657114,858747,2035.0,SA0
20230508,2041.0,2079.0,1997.0,2070.0,2407299,886851,2034.0,SA0
20230509,2070.0,2075.0,1987.0,1988.0,1971440,944387,2034.0,SA0
20230510,1989.0,2016.0,1969.0,1972.0,2142994,975209,1991.0,SA0
20230511,1984.0,1993.0,1908.0,1921.0,2658307,1033394,1947.0,SA0
20230512,1914.0,1922.0,1867.0,1874.0,2417762,1076176,1895.0,SA0
20230515,1880.0,1917.0,1834.0,1854.0,3030316,1060265,1872.0,SA0
20230516,1860.0,1867.0,1831.0,1850.0,2371063,1071027,1850.0,SA0
20230517,1855.0,1871.0,1814.0,1819.0,2442921,1146757,1841.0,SA0
20230518,1825.0,1843.0,1806.0,1815.0,2597913,1157457,1826.0,SA0
20230519,1808.0,1808.0,1691.0,1743.0,5484705,1153634,1741.0,SA0
20230522,1750.0,1754.0,1601.0,1601.0,4568215,1311473,1665.0,SA0
20230523,1612.0,1645.0,1584.0,1622.0,4748027,1311785,1614.0,SA0
20230524,1629.0,1637.0,1586.0,1617.0,3177343,1325663,1617.0,SA0
20230525,1614.0,1618.0,1556.0,1570.0,2961985,1317045,1584.0,SA0
20230526,1568.0,1634.0,1550.0,1610.0,3170918,1314678,1596.0,SA0
20230529,1609.0,1712.0,1601.0,1691.0,3587993,1219253,1667.0,SA0
20230530,1682.0,1699.0,1596.0,1603.0,3184308,1163037,1651.0,SA0
20230531,1595.0,1626.0,1557.0,1617.0,2854208,1135793,1589.0,SA0
20230601,1615.0,1660.0,1603.0,1649.0,2296374,1104553,1639.0,SA0
20230602,1650.0,1749.0,1650.0,1711.0,2867638,1125026,1691.0,SA0
20230605,1718.0,1731.0,1656.0,1680.0,2369622,1129130,1691.0,SA0
20230606,1690.0,1702.0,1643.0,1655.0,1720050,1082651,1672.0,SA0
20230607,1651.0,1672.0,1621.0,1634.0,1389294,1104068,1646.0,SA0
20230608,1636.0,1671.0,1615.0,1626.0,1681379,1141775,1641.0,SA0
20230609,1633.0,1665.0,1626.0,1656.0,1398726,1098366,1645.0,SA0
20230612,1660.0,1675.0,1586.0,1589.0,1921566,1213395,1628.0,SA0
20230613,1588.0,1682.0,1580.0,1680.0,2205139,1176862,1635.0,SA0
20230614,1690.0,1727.0,1676.0,1688.0,1983886,1166696,1695.0,SA0
20230615,1678.0,1703.0,1646.0,1682.0,1717050,1157976,1676.0,SA0
20230616,1687.0,1727.0,1682.0,1697.0,1726493,1161185,1701.0,SA0
20230619,1695.0,1730.0,1662.0,1691.0,2280464,1134062,1692.0,SA0
20230620,1693.0,1728.0,1686.0,1717.0,1565060,1135980,1709.0,SA0
20230621,1709.0,1717.0,1669.0,1671.0,1728420,1055568,1691.0,SA0
20230626,1649.0,1686.0,1630.0,1675.0,924190,1070991,1668.0,SA0
20230627,1681.0,1703.0,1663.0,1682.0,1013618,1069216,1681.0,SA0
20230628,1676.0,1678.0,1613.0,1634.0,1722622,1221629,1641.0,SA0
20230629,1634.0,1688.0,1634.0,1687.0,1512717,1142914,1666.0,SA0
20230630,1687.0,1713.0,1677.0,1688.0,1470676,1111394,1693.0,SA0
20230703,1686.0,1701.0,1675.0,1690.0,969616,1106262,1688.0,SA0
20230704,1692.0,1710.0,1666.0,1703.0,1273623,1130495,1691.0,SA0
20230705,1708.0,1716.0,1680.0,1686.0,1056897,1140364,1693.0,SA0
20230706,1686.0,1705.0,1676.0,1688.0,991835,1148047,1689.0,SA0
20230707,1690.0,1722.0,1682.0,1696.0,1397653,1139657,1700.0,SA0
20230710,1700.0,1742.0,1690.0,1728.0,1466257,1204803,1718.0,SA0
20230711,1732.0,1824.0,1725.0,1794.0,2328918,1153749,1784.0,SA0
20230712,1792.0,1835.0,1788.0,1828.0,1593244,1061367,1810.0,SA0
20230713,1840.0,1842.0,1803.0,1836.0,1380600,996907,1828.0,SA0
20230714,1843.0,1857.0,1822.0,1854.0,1212666,963162,1844.0,SA0
20230717,1855.0,1863.0,1804.0,1810.0,1466648,915646,1834.0,SA0
20230718,1814.0,1846.0,1794.0,1845.0,1006649,918378,1820.0,SA0
20230719,1848.0,1900.0,1832.0,1897.0,1288091,956960,1860.0,SA0
20230720,1900.0,1986.0,1900.0,1975.0,2348623,925091,1950.0,SA0
20230721,1981.0,2003.0,1960.0,1990.0,1923896,915651,1981.0,SA0
20230724,1995.0,2034.0,1971.0,2010.0,1787647,937232,2002.0,SA0
20230725,2018.0,2032.0,2002.0,2020.0,1196676,899094,2016.0,SA0
20230726,2030.0,2196.0,2029.0,2142.0,2992905,874419,2123.0,SA0
20230727,2150.0,2207.0,2132.0,2147.0,2280328,763628,2167.0,SA0
20230728,2163.0,2170.0,2041.0,2086.0,2218243,660149,2102.0,SA0
20230731,2080.0,2112.0,2054.0,2085.0,1335441,623546,2080.0,SA0
20230801,2092.0,2128.0,2064.0,2127.0,1278907,572888,2092.0,SA0
20230802,2131.0,2146.0,2095.0,2115.0,1101036,548680,2123.0,SA0
20230803,2118.0,2118.0,2025.0,2036.0,1072626,492399,2071.0,SA0
20230804,1593.0,1623.0,1562.0,1579.0,1751883,1138013,1596.0,SA0
20230807,1579.0,1580.0,1516.0,1526.0,1771562,1269900,1536.0,SA0
20230808,1526.0,1547.0,1508.0,1538.0,1434980,1278919,1531.0,SA0
20230809,1534.0,1565.0,1529.0,1560.0,1393299,1276129,1546.0,SA0
20230810,1558.0,1567.0,1534.0,1557.0,1283653,1265661,1553.0,SA0
20230811,1560.0,1609.0,1556.0,1607.0,1847679,1242914,1583.0,SA0
20230814,1613.0,1625.0,1558.0,1584.0,2133944,1268814,1595.0,SA0
20230815,1586.0,1590.0,1544.0,1579.0,1716858,1316207,1567.0,SA0
20230816,1575.0,1601.0,1567.0,1590.0,1718482,1300628,1588.0,SA0
20230817,1597.0,1689.0,1595.0,1683.0,2815772,1182004,1640.0,SA0
20230818,1700.0,1714.0,1663.0,1691.0,2382014,1130529,1686.0,SA0
20230821,1702.0,1838.0,1671.0,1838.0,3064805,1005584,1773.0,SA0
20230822,1830.0,1913.0,1814.0,1857.0,3370601,970591,1857.0,SA0
20230823,1872.0,1884.0,1825.0,1841.0,2079303,947910,1852.0,SA0
20230824,1847.0,2002.0,1842.0,1922.0,3288306,982240,1926.0,SA0
20230825,1922.0,1990.0,1920.0,1980.0,2175684,994881,1961.0,SA0
20230828,1992.0,2022.0,1868.0,1898.0,2822308,965547,1939.0,SA0
20230829,1885.0,1888.0,1764.0,1764.0,2483431,962160,1806.0,SA0
20230830,1764.0,1896.0,1764.0,1895.0,2425344,907693,1831.0,SA0
20230831,1890.0,1919.0,1858.0,1885.0,2166912,890316,1889.0,SA0
20230901,1895.0,2074.0,1885.0,2053.0,2961644,837047,1988.0,SA0
20230904,2041.0,2061.0,1875.0,1903.0,3044480,805230,1970.0,SA0
20230905,1903.0,1986.0,1888.0,1955.0,1986203,808999,1932.0,SA0
20230906,1935.0,1955.0,1882.0,1912.0,1504955,853563,1919.0,SA0
20230907,1915.0,1925.0,1831.0,1868.0,1526395,881714,1870.0,SA0
20230908,1862.0,1894.0,1786.0,1793.0,1700441,922556,1837.0,SA0
20230911,1800.0,1855.0,1774.0,1837.0,1315651,951055,1821.0,SA0
20230912,1836.0,1862.0,1795.0,1815.0,1069165,978984,1829.0,SA0
20230913,1811.0,1816.0,1753.0,1791.0,1495768,989085,1783.0,SA0
20230914,1790.0,1824.0,1786.0,1813.0,1131959,997985,1805.0,SA0
20230915,1825.0,1854.0,1795.0,1841.0,1077398,946553,1826.0,SA0
20230918,1841.0,1876.0,1811.0,1873.0,1031628,935897,1844.0,SA0
20230919,1873.0,1930.0,1852.0,1903.0,1088931,894800,1894.0,SA0
20230920,1906.0,1943.0,1878.0,1894.0,966273,881374,1907.0,SA0
20230921,1892.0,1894.0,1744.0,1824.0,1240036,857476,1831.0,SA0
20230922,1824.0,1868.0,1824.0,1853.0,725762,859964,1846.0,SA0
20230925,1860.0,1884.0,1788.0,1801.0,960471,835723,1834.0,SA0
20230926,1805.0,1828.0,1791.0,1801.0,619130,835040,1807.0,SA0
20230927,1806.0,1824.0,1774.0,1784.0,677471,842274,1800.0,SA0
20230928,1790.0,1805.0,1737.0,1740.0,843360,820169,1771.0,SA0
20231009,1720.0,1764.0,1720.0,1748.0,430399,852497,1745.0,SA0
20231010,1750.0,1750.0,1666.0,1703.0,934579,885091,1700.0,SA0
20231011,1697.0,1718.0,1681.0,1694.0,583391,911439,1697.0,SA0
20231012,1696.0,1725.0,1688.0,1724.0,580982,916394,1705.0,SA0
20231013,1734.0,1738.0,1695.0,1724.0,575092,923712,1713.0,SA0
20231016,1728.0,1746.0,1703.0,1742.0,682684,940765,1729.0,SA0
20231017,1742.0,1744.0,1699.0,1710.0,714990,963496,1718.0,SA0
20231018,1709.0,1726.0,1692.0,1703.0,603659,979401,1712.0,SA0
20231019,1709.0,1748.0,1696.0,1732.0,684091,969042,1723.0,SA0
20231020,1727.0,1733.0,1703.0,1709.0,544066,958448,1719.0,SA0
20231023,1712.0,1722.0,1658.0,1690.0,834287,935196,1682.0,SA0
20231024,1689.0,1707.0,1674.0,1690.0,486423,943570,1690.0,SA0
20231025,1692.0,1719.0,1681.0,1692.0,492773,948390,1699.0,SA0
20231026,1699.0,1699.0,1652.0,1665.0,668743,1002368,1670.0,SA0
20231027,1663.0,1695.0,1658.0,1688.0,519621,959243,1676.0,SA0
20231030,1691.0,1770.0,1681.0,1749.0,1035008,936580,1731.0,SA0
20231031,1745.0,1750.0,1709.0,1729.0,597768,966805,1728.0,SA0
20231101,1728.0,1744.0,1711.0,1730.0,562605,951872,1726.0,SA0
20231102,1734.0,1745.0,1725.0,1738.0,397128,936006,1734.0,SA0
20231103,1740.0,1797.0,1734.0,1787.0,858972,928238,1772.0,SA0
20231106,1791.0,1858.0,1788.0,1856.0,1220700,865339,1826.0,SA0
20231107,1854.0,1936.0,1838.0,1881.0,1267566,802995,1882.0,SA0
20231108,1871.0,1923.0,1866.0,1914.0,1066326,770615,1901.0,SA0
20231109,1903.0,1986.0,1887.0,1978.0,1316975,783856,1932.0,SA0
20231110,2012.0,2126.0,1994.0,2126.0,2204030,785784,2084.0,SA0
20231113,2142.0,2228.0,2047.0,2058.0,2483667,643396,2136.0,SA0
20231114,2069.0,2082.0,2008.0,2032.0,1740767,628728,2046.0,SA0
20231115,2037.0,2093.0,2031.0,2056.0,1160991,624211,2060.0,SA0
20231116,2046.0,2060.0,2010.0,2054.0,913719,613410,2033.0,SA0
20231117,2056.0,2155.0,2052.0,2110.0,2040534,602598,2106.0,SA0
20231120,2129.0,2244.0,2107.0,2236.0,1734365,714962,2172.0,SA0
20231121,2245.0,2260.0,2167.0,2206.0,1483228,681105,2223.0,SA0
20231122,2215.0,2348.0,2210.0,2341.0,2153875,758562,2281.0,SA0
20231123,2341.0,2368.0,2292.0,2353.0,1657672,762528,2332.0,SA0
20231124,2340.0,2353.0,2245.0,2323.0,1640410,722081,2294.0,SA0
20231127,2340.0,2509.0,2328.0,2484.0,1674269,707522,2419.0,SA0
20231128,2474.0,2488.0,2280.0,2309.0,1658455,572897,2394.0,SA0
20231129,2345.0,2430.0,2322.0,2385.0,1324447,612200,2376.0,SA0
20231130,2380.0,2458.0,2359.0,2442.0,1056505,619093,2404.0,SA0
20231201,2434.0,2554.0,2388.0,2554.0,1141596,575686,2460.0,SA0
20231204,2540.0,2666.0,2523.0,2637.0,1223800,518437,2603.0,SA0
20231205,2135.0,2179.0,2076.0,2125.0,1012011,385457,2135.0,SA0
20231206,2117.0,2124.0,2026.0,2084.0,1027441,405042,2071.0,SA0
20231207,2080.0,2279.0,2043.0,2279.0,1841758,442223,2209.0,SA0
20231208,2305.0,2413.0,2278.0,2332.0,2030628,488067,2353.0,SA0
20231211,2311.0,2345.0,2222.0,2296.0,1562907,499626,2280.0,SA0
20231212,2280.0,2323.0,2265.0,2295.0,926493,514392,2294.0,SA0
20231213,2296.0,2318.0,2117.0,2214.0,1266120,473263,2235.0,SA0
20231214,2221.0,2225.0,2140.0,2184.0,880455,476507,2185.0,SA0
20231215,2200.0,2286.0,2193.0,2207.0,1226981,475940,2244.0,SA0
20231218,2190.0,2200.0,2132.0,2177.0,920771,468457,2169.0,SA0
20231219,2180.0,2232.0,2111.0,2121.0,991055,490505,2173.0,SA0
20231220,2130.0,2173.0,2114.0,2124.0,619600,481473,2143.0,SA0
20231221,2120.0,2170.0,2056.0,2168.0,1064027,467199,2104.0,SA0
20231222,2155.0,2247.0,2138.0,2180.0,1009545,466959,2183.0,SA0
20231225,2163.0,2175.0,2088.0,2110.0,666007,457604,2129.0,SA0
20231226,2130.0,2155.0,2101.0,2101.0,645291,461253,2128.0,SA0
20231227,2094.0,2109.0,2065.0,2079.0,646600,477115,2088.0,SA0
20231228,2080.0,2080.0,2022.0,2055.0,669276,468557,2049.0,SA0
20231229,2054.0,2078.0,2032.0,2044.0,471344,449616,2056.0,SA0
20240102,2010.0,2047.0,2000.0,2018.0,317386,475648,2024.0,SA0
20240103,2010.0,2092.0,1985.0,2074.0,762258,481576,2042.0,SA0
20240104,2072.0,2095.0,1986.0,1992.0,742421,501091,2039.0,SA0
20240105,1988.0,1997.0,1934.0,1940.0,633095,491667,1963.0,SA0
20240108,1950.0,1962.0,1913.0,1948.0,553631,479660,1940.0,SA0
20240109,1953.0,1975.0,1922.0,1927.0,537499,484141,1948.0,SA0
20240110,1910.0,1919.0,1843.0,1848.0,709961,505088,1878.0,SA0
20240111,1840.0,1872.0,1823.0,1862.0,511383,512361,1848.0,SA0
20240112,1869.0,1869.0,1813.0,1827.0,479998,521147,1839.0,SA0
20240115,1832.0,1855.0,1808.0,1838.0,423384,523806,1834.0,SA0
20240116,1840.0,1930.0,1839.0,1912.0,927947,467614,1890.0,SA0
20240117,1926.0,1958.0,1879.0,1893.0,823329,490278,1919.0,SA0
20240118,1875.0,1918.0,1846.0,1905.0,709740,483595,1875.0,SA0
20240119,1910.0,1913.0,1878.0,1907.0,523636,495137,1895.0,SA0
20240122,1910.0,2085.0,1902.0,2085.0,1412474,457907,2013.0,SA0
20240123,2100.0,2166.0,2053.0,2133.0,1205415,436251,2111.0,SA0
20240124,2142.0,2160.0,2065.0,2114.0,1092516,467029,2108.0,SA0
20240125,2125.0,2129.0,2065.0,2069.0,793402,484409,2094.0,SA0
20240126,2064.0,2064.0,1990.0,1993.0,952486,473887,2028.0,SA0
20240129,1988.0,2024.0,1974.0,2018.0,747372,504710,1999.0,SA0
20240130,2010.0,2038.0,1921.0,1933.0,933627,474801,1992.0,SA0
20240131,1936.0,1952.0,1912.0,1942.0,541028,471306,1936.0,SA0
20240201,1935.0,1961.0,1897.0,1913.0,579271,478406,1930.0,SA0
20240202,1912.0,2002.0,1904.0,1966.0,683966,464938,1939.0,SA0
20240205,1965.0,1974.0,1925.0,1941.0,546536,466369,1950.0,SA0
20240206,1935.0,1958.0,1920.0,1940.0,407925,460886,1938.0,SA0
20240207,1935.0,1960.0,1921.0,1946.0,347418,436420,1941.0,SA0
20240208,1954.0,1991.0,1935.0,1948.0,449792,391157,1965.0,SA0
20240219,1890.0,1890.0,1815.0,1841.0,359619,430168,1855.0,SA0
20240220,1828.0,1864.0,1805.0,1846.0,566186,464141,1836.0,SA0
20240221,1850.0,1884.0,1826.0,1839.0,524174,474379,1851.0,SA0
20240222,1838.0,1868.0,1835.0,1852.0,360982,480794,1852.0,SA0
20240223,1850.0,1871.0,1832.0,1845.0,358953,506959,1850.0,SA0
20240226,1835.0,1845.0,1776.0,1776.0,549701,546588,1803.0,SA0
20240227,1766.0,1798.0,1764.0,1789.0,409989,580391,1780.0,SA0
20240228,1796.0,1803.0,1753.0,1759.0,493610,603080,1776.0,SA0
20240229,1758.0,1809.0,1751.0,1780.0,548684,586326,1776.0,SA0
20240301,1774.0,1804.0,1773.0,1796.0,392662,588798,1790.0,SA0
20240304,1796.0,1833.0,1761.0,1832.0,723087,576994,1797.0,SA0
20240305,1833.0,1950.0,1825.0,1885.0,1247209,556377,1885.0,SA0
20240306,1887.0,1904.0,1845.0,1896.0,816624,551717,1880.0,SA0
20240307,1920.0,1969.0,1907.0,1934.0,983270,524076,1937.0,SA0
20240308,1954.0,1956.0,1910.0,1940.0,629893,520769,1934.0,SA0
20240311,1940.0,1945.0,1863.0,1888.0,731501,516627,1899.0,SA0
20240312,1878.0,1907.0,1855.0,1865.0,605935,535642,1879.0,SA0
20240313,1872.0,1900.0,1865.0,1879.0,469623,526787,1881.0,SA0
20240314,1869.0,1887.0,1806.0,1812.0,699275,498303,1839.0,SA0
20240315,1818.0,1842.0,1803.0,1809.0,436867,505847,1821.0,SA0
20240318,1808.0,1826.0,1767.0,1824.0,605249,479566,1798.0,SA0
20240319,1824.0,1882.0,1808.0,1868.0,564421,458005,1846.0,SA0
20240320,1880.0,1887.0,1808.0,1808.0,470426,463977,1846.0,SA0
20240321,1806.0,1873.0,1801.0,1859.0,482697,450628,1836.0,SA0
20240322,1855.0,1856.0,1822.0,1832.0,425771,433056,1839.0,SA0
20240325,1825.0,1845.0,1765.0,1775.0,756377,565991,1801.0,SA0
20240326,1777.0,1802.0,1762.0,1779.0,639214,596431,1783.0,SA0
20240327,1781.0,1803.0,1730.0,1736.0,838121,649142,1764.0,SA0
20240328,1729.0,1768.0,1727.0,1744.0,649560,656796,1746.0,SA0
20240329,1750.0,1790.0,1737.0,1789.0,808443,659474,1760.0,SA0
20240401,1781.0,1805.0,1740.0,1783.0,1086394,645848,1774.0,SA0
20240402,1788.0,1803.0,1770.0,1803.0,712374,650401,1785.0,SA0
20240403,1805.0,1863.0,1798.0,1826.0,1151779,625775,1833.0,SA0
20240408,1840.0,1893.0,1812.0,1890.0,775186,659675,1850.0,SA0
20240409,1895.0,1924.0,1865.0,1919.0,1082986,677187,1893.0,SA0
20240410,1928.0,1964.0,1903.0,1945.0,1172494,707368,1933.0,SA0
20240411,1945.0,1956.0,1901.0,1906.0,1050553,722580,1930.0,SA0
20240412,1899.0,1934.0,1877.0,1915.0,1178995,733202,1906.0,SA0
20240415,1921.0,1945.0,1906.0,1932.0,1016575,740072,1925.0,SA0
20240416,1928.0,1933.0,1893.0,1899.0,829496,729307,1908.0,SA0
20240417,1892.0,1934.0,1868.0,1933.0,1031350,740195,1896.0,SA0
20240418,1935.0,2084.0,1935.0,2070.0,2712143,763384,2028.0,SA0
20240419,2075.0,2164.0,2055.0,2101.0,2467898,748266,2102.0,SA0
20240422,2100.0,2186.0,2085.0,2150.0,2159780,794376,2142.0,SA0
20240423,2155.0,2156.0,2084.0,2111.0,1630403,778700,2121.0,SA0
20240424,2105.0,2188.0,2100.0,2148.0,1784933,814852,2152.0,SA0
20240425,2155.0,2279.0,2150.0,2271.0,2584726,879713,2230.0,SA0
20240426,2280.0,2320.0,2230.0,2292.0,2345447,883514,2276.0,SA0
20240429,2299.0,2311.0,2233.0,2247.0,1554936,831186,2264.0,SA0
20240430,2238.0,2246.0,2161.0,2176.0,1545454,727270,2203.0,SA0
20240506,2146.0,2262.0,2141.0,2262.0,1068999,778826,2214.0,SA0
20240507,2268.0,2300.0,2206.0,2227.0,1657945,796069,2254.0,SA0
20240508,2215.0,2236.0,2172.0,2187.0,1595836,794282,2204.0,SA0
20240509,2192.0,2229.0,2176.0,2212.0,1422332,796751,2204.0,SA0
20240510,2228.0,2252.0,2156.0,2172.0,1556182,760420,2207.0,SA0
20240513,2166.0,2218.0,2152.0,2216.0,1221205,768339,2186.0,SA0
20240514,2215.0,2216.0,2125.0,2131.0,1489246,745871,2174.0,SA0
20240515,2125.0,2144.0,2091.0,2134.0,1238364,733322,2120.0,SA0
20240516,2131.0,2169.0,2110.0,2160.0,1112099,736967,2136.0,SA0
20240517,2172.0,2304.0,2157.0,2301.0,2118357,811651,2236.0,SA0
20240520,2308.0,2392.0,2286.0,2382.0,1863570,804518,2342.0,SA0
20240521,2366.0,2396.0,2314.0,2363.0,1478919,782308,2359.0,SA0
20240522,2374.0,2444.0,2362.0,2425.0,2060864,797639,2412.0,SA0
20240523,2407.0,2423.0,2338.0,2376.0,1758995,776698,2383.0,SA0
20240524,2401.0,2435.0,2375.0,2402.0,1717716,780534,2408.0,SA0
20240527,2413.0,2471.0,2393.0,2442.0,1597559,817875,2427.0,SA0
20240528,2431.0,2438.0,2355.0,2361.0,1337516,794991,2403.0,SA0
20240529,2366.0,2434.0,2331.0,2433.0,1364011,781715,2374.0,SA0
20240530,2445.0,2450.0,2333.0,2344.0,1386621,755973,2393.0,SA0
20240531,2332.0,2369.0,2293.0,2305.0,1230071,745948,2330.0,SA0
20240603,2314.0,2328.0,2195.0,2200.0,1629361,703655,2259.0,SA0
20240604,2209.0,2246.0,2186.0,2233.0,1222005,714348,2219.0,SA0
20240605,2218.0,2236.0,2175.0,2195.0,1409546,706458,2206.0,SA0
20240606,2209.0,2233.0,2183.0,2232.0,1271148,713472,2210.0,SA0
20240607,2238.0,2314.0,2200.0,2223.0,1843126,654285,2252.0,SA0
20240611,2218.0,2242.0,2151.0,2170.0,944553,671337,2189.0,SA0
20240612,2167.0,2193.0,2151.0,2175.0,1023173,685392,2172.0,SA0
20240613,2194.0,2200.0,2118.0,2147.0,1181132,708742,2150.0,SA0
20240614,2150.0,2175.0,2113.0,2156.0,1296352,702851,2150.0,SA0
20240617,2162.0,2178.0,2105.0,2120.0,1495274,723664,2137.0,SA0
20240618,2110.0,2144.0,2072.0,2076.0,1396561,727788,2114.0,SA0
20240619,2071.0,2089.0,2056.0,2075.0,964882,726317,2072.0,SA0
20240620,2080.0,2126.0,2065.0,2120.0,1146266,726700,2094.0,SA0
20240621,2122.0,2174.0,2103.0,2109.0,1547939,695356,2137.0,SA0
20240624,2103.0,2117.0,2019.0,2023.0,1327400,720153,2073.0,SA0
20240625,2023.0,2035.0,2006.0,2028.0,889615,725611,2023.0,SA0
20240626,2028.0,2071.0,2017.0,2069.0,1009635,713458,2041.0,SA0
20240627,2067.0,2070.0,2014.0,2022.0,997186,727461,2044.0,SA0
20240628,2027.0,2095.0,2019.0,2093.0,1165015,710388,2053.0,SA0
20240701,2098.0,2157.0,2082.0,2126.0,1755318,713100,2115.0,SA0
20240702,2120.0,2189.0,2119.0,2188.0,1368839,750536,2154.0,SA0
20240703,2197.0,2225.0,2165.0,2224.0,1304875,766857,2192.0,SA0
20240704,2217.0,2233.0,2184.0,2202.0,1323665,774191,2209.0,SA0
20240705,2202.0,2213.0,2112.0,2119.0,1515756,731697,2159.0,SA0
20240708,2121.0,2127.0,2033.0,2040.0,1730686,748655,2085.0,SA0
20240709,2040.0,2065.0,2020.0,2049.0,1270969,784740,2042.0,SA0
20240710,2055.0,2055.0,1946.0,1952.0,1701179,793647,2003.0,SA0
20240711,1958.0,1973.0,1926.0,1952.0,1311971,789685,1954.0,SA0
20240712,1957.0,1982.0,1933.0,1967.0,1309703,799063,1959.0,SA0
20240715,1966.0,2002.0,1916.0,1962.0,2024844,801477,1964.0,SA0
20240716,1950.0,1957.0,1922.0,1941.0,1230153,814328,1941.0,SA0
20240717,1933.0,1967.0,1896.0,1929.0,1652259,822908,1934.0,SA0
20240718,1935.0,1961.0,1908.0,1958.0,1287027,809420,1933.0,SA0
20240719,1948.0,1974.0,1928.0,1938.0,1366671,780625,1947.0,SA0
20240722,1930.0,1952.0,1891.0,1894.0,1547761,823947,1919.0,SA0
20240723,1888.0,1897.0,1853.0,1854.0,1083930,824123,1878.0,SA0
20240724,1861.0,1875.0,1843.0,1868.0,854218,799728,1862.0,SA0
20240725,1874.0,1881.0,1846.0,1859.0,993108,784385,1864.0,SA0
20240726,1858.0,1890.0,1833.0,1834.0,1124830,807684,1869.0,SA0
20240729,1828.0,1836.0,1756.0,1772.0,1330050,809283,1794.0,SA0
20240730,1775.0,1779.0,1738.0,1740.0,892644,777513,1763.0,SA0
20240731,1740.0,1786.0,1711.0,1769.0,1665041,750431,1756.0,SA0
20240801,1778.0,1804.0,1732.0,1749.0,1590400,749770,1770.0,SA0
20240802,1747.0,1815.0,1736.0,1813.0,1425866,683889,1769.0,SA0
20240805,1806.0,1823.0,1762.0,1790.0,1406439,648810,1797.0,SA0
20240806,1779.0,1809.0,1741.0,1743.0,1273505,636284,1777.0,SA0
20240807,1735.0,1754.0,1713.0,1717.0,1096023,650026,1733.0,SA0
20240808,1722.0,1736.0,1693.0,1707.0,1067171,624840,1715.0,SA0
20240809,1711.0,1762.0,1706.0,1709.0,1072488,581101,1730.0,SA0
20240812,1711.0,1720.0,1662.0,1683.0,931753,540439,1689.0,SA0
20240813,1690.0,1690.0,1653.0,1658.0,721178,499203,1666.0,SA0
20240814,1656.0,1658.0,1550.0,1575.0,1153807,406028,1595.0,SA0
20240815,1588.0,1601.0,1556.0,1585.0,1286384,813487,1578.0,SA0
20240816,1588.0,1634.0,1578.0,1582.0,1647058,827200,1603.0,SA0
20240819,1578.0,1613.0,1558.0,1596.0,1614854,843615,1586.0,SA0
20240820,1597.0,1624.0,1579.0,1616.0,1316621,870215,1596.0,SA0
20240821,1623.0,1646.0,1608.0,1645.0,1486101,890397,1624.0,SA0
20240822,1640.0,1647.0,1558.0,1565.0,1882677,1013549,1605.0,SA0
20240823,1558.0,1575.0,1537.0,1546.0,1591218,973620,1557.0,SA0
20240826,1550.0,1583.0,1529.0,1579.0,1764872,989414,1554.0,SA0
20240827,1581.0,1622.0,1564.0,1614.0,2096474,988166,1592.0,SA0
20240828,1618.0,1630.0,1558.0,1568.0,2074127,1101464,1593.0,SA0
20240829,1560.0,1609.0,1551.0,1596.0,1990856,1079035,1580.0,SA0
20240830,1599.0,1622.0,1575.0,1596.0,2074122,1119737,1597.0,SA0
20240902,1590.0,1593.0,1498.0,1503.0,2220455,1254098,1543.0,SA0
20240903,1503.0,1513.0,1479.0,1499.0,1576756,1241770,1498.0,SA0
20240904,1495.0,1520.0,1475.0,1485.0,1694086,1213922,1497.0,SA0
20240905,1492.0,1500.0,1428.0,1432.0,1808271,1240091,1461.0,SA0
20240906,1458.0,1459.0,1413.0,1430.0,1746831,1214547,1436.0,SA0
20240909,1433.0,1434.0,1368.0,1391.0,2079515,1243429,1396.0,SA0
20240910,1398.0,1408.0,1357.0,1360.0,1799855,1295498,1384.0,SA0
20240911,1359.0,1413.0,1338.0,1409.0,2327761,1240983,1372.0,SA0
20240912,1410.0,1412.0,1355.0,1387.0,2634895,1321993,1384.0,SA0
20240913,1390.0,1401.0,1346.0,1351.0,1997796,1313892,1379.0,SA0
20240918,1345.0,1377.0,1317.0,1358.0,1828013,1335852,1343.0,SA0
20240919,1360.0,1395.0,1332.0,1378.0,2413228,1361276,1366.0,SA0
20240920,1374.0,1384.0,1334.0,1341.0,1747826,1407431,1357.0,SA0
20240923,1339.0,1380.0,1329.0,1361.0,2085116,1362027,1355.0,SA0
20240924,1358.0,1447.0,1355.0,1442.0,2862860,1305130,1395.0,SA0
20240925,1455.0,1535.0,1442.0,1474.0,4081179,1265775,1472.0,SA0
20240926,1468.0,1530.0,1461.0,1515.0,3775488,1241455,1496.0,SA0
20240927,1545.0,1599.0,1527.0,1579.0,4232488,1122372,1564.0,SA0
20240930,1573.0,1721.0,1563.0,1699.0,3990205,1056377,1652.0,SA0
20241008,1750.0,1754.0,1490.0,1495.0,3698644,1258547,1601.0,SA0
20241009,1503.0,1543.0,1480.0,1495.0,3112800,1310238,1506.0,SA0
20241010,1485.0,1531.0,1453.0,1472.0,3371497,1275033,1490.0,SA0
20241011,1473.0,1518.0,1472.0,1517.0,2426731,1302487,1495.0,SA0
20241014,1519.0,1592.0,1496.0,1530.0,4757809,1357326,1539.0,SA0
20241015,1514.0,1607.0,1507.0,1573.0,4455535,1299941,1558.0,SA0
20241016,1582.0,1606.0,1527.0,1548.0,3361901,1296048,1569.0,SA0
20241017,1555.0,1564.0,1421.0,1436.0,4090464,1288956,1498.0,SA0
20241018,1442.0,1474.0,1414.0,1450.0,2501503,1268920,1441.0,SA0
20241021,1444.0,1483.0,1419.0,1481.0,2286988,1262480,1446.0,SA0
20241022,1480.0,1531.0,1465.0,1521.0,3588186,1240900,1503.0,SA0
20241023,1521.0,1545.0,1494.0,1512.0,1913681,1245906,1521.0,SA0
20241024,1508.0,1565.0,1501.0,1558.0,1965587,1227958,1531.0,SA0
20241025,1563.0,1568.0,1516.0,1518.0,1782983,1265588,1536.0,SA0
20241028,1500.0,1584.0,1475.0,1560.0,2512940,1242357,1536.0,SA0
20241029,1555.0,1585.0,1503.0,1517.0,2033466,1244291,1550.0,SA0
20241030,1540.0,1573.0,1517.0,1560.0,2329936,1242014,1543.0,SA0
20241031,1570.0,1588.0,1546.0,1575.0,2003181,1240117,1570.0,SA0
20241101,1568.0,1573.0,1523.0,1539.0,1681383,1258657,1544.0,SA0
20241104,1542.0,1556.0,1481.0,1525.0,1720648,1243888,1515.0,SA0
20241105,1529.0,1546.0,1504.0,1543.0,1285717,1219157,1526.0,SA0
20241106,1550.0,1570.0,1492.0,1517.0,1637105,1238399,1534.0,SA0
20241107,1505.0,1552.0,1505.0,1546.0,1145241,1217663,1530.0,SA0
20241108,1547.0,1578.0,1510.0,1514.0,1639852,1214986,1543.0,SA0
20241111,1500.0,1531.0,1455.0,1485.0,1589862,1247032,1486.0,SA0
20241112,1480.0,1513.0,1457.0,1497.0,1198076,1204818,1482.0,SA0
20241113,1505.0,1538.0,1493.0,1524.0,1199181,1167590,1515.0,SA0
20241114,1530.0,1538.0,1499.0,1500.0,956530,1146411,1519.0,SA0
20241115,1508.0,1527.0,1467.0,1470.0,1285754,1155038,1498.0,SA0
20241118,1469.0,1496.0,1452.0,1483.0,909670,1137654,1476.0,SA0
20241119,1481.0,1486.0,1446.0,1480.0,955565,1149193,1469.0,SA0
20241120,1475.0,1479.0,1454.0,1465.0,704507,1178904,1466.0,SA0
20241121,1466.0,1513.0,1461.0,1508.0,1098542,1126390,1491.0,SA0
20241122,1508.0,1508.0,1466.0,1481.0,829804,1068913,1488.0,SA0
20241125,1478.0,1529.0,1478.0,1502.0,1156561,1078754,1507.0,SA0
20241126,1502.0,1512.0,1485.0,1502.0,643900,1055968,1498.0,SA0
20241127,1503.0,1510.0,1478.0,1505.0,819863,1047708,1495.0,SA0
20241128,1500.0,1504.0,1473.0,1487.0,727409,1061477,1486.0,SA0
20241129,1486.0,1499.0,1465.0,1478.0,915498,1017692,1484.0,SA0
20241202,1481.0,1494.0,1460.0,1482.0,917072,1006815,1477.0,SA0
20241203,1485.0,1488.0,1463.0,1472.0,595287,983812,1476.0,SA0
20241204,1467.0,1473.0,1415.0,1423.0,1159405,1046747,1445.0,SA0
20241205,1421.0,1429.0,1393.0,1418.0,716275,976369,1418.0,SA0
20241206,1418.0,1441.0,1412.0,1428.0,499442,904583,1429.0,SA0
20241209,1426.0,1432.0,1409.0,1420.0,402131,867044,1420.0,SA0
20241210,1449.0,1475.0,1422.0,1433.0,904156,728728,1453.0,SA0
20241211,1430.0,1446.0,1429.0,1440.0,286025,682474,1438.0,SA0
20241212,1520.0,1530.0,1507.0,1524.0,437563,731621,1520.0,SA0
20241213,1510.0,1515.0,1487.0,1492.0,691788,838514,1503.0,SA0
20241216,1491.0,1494.0,1446.0,1463.0,795111,927942,1467.0,SA0
20241217,1464.0,1476.0,1456.0,1462.0,583988,944317,1466.0,SA0
20241218,1460.0,1465.0,1422.0,1434.0,779148,998051,1445.0,SA0
20241219,1436.0,1470.0,1429.0,1462.0,857062,942836,1449.0,SA0
20241220,1463.0,1475.0,1454.0,1462.0,674200,922896,1465.0,SA0
20241223,1455.0,1465.0,1445.0,1452.0,649483,955044,1454.0,SA0
20241224,1449.0,1491.0,1440.0,1486.0,805890,939789,1464.0,SA0
20241225,1486.0,1492.0,1460.0,1467.0,742065,984719,1474.0,SA0
20241226,1462.0,1482.0,1456.0,1465.0,672170,964128,1468.0,SA0
20241227,1465.0,1468.0,1448.0,1451.0,636797,972025,1459.0,SA0
20241230,1450.0,1455.0,1436.0,1443.0,725516,1031634,1447.0,SA0
20241231,1443.0,1446.0,1417.0,1433.0,866528,1015592,1434.0,SA0
